犬が、居ぬ。,2.0,2,犬 が 居 ぬ,イヌガイヌ
『柴犬は、絶対しばけん !! 』,2.0,2,柴犬 は 絶対 しば けん,シバイヌワゼッタイシバケン
ネコが、寝込んだ！,2.6,3,ネコ が 寝込ん だ,ネコガネコンダ
熊を、かくまう！,2.5,2,熊 を かくまう,クマオカクマウ
猿が、去る。,1.0,1,猿 が 去る,サルガサル
白鳥が吐く、腸 !!,2.0,3,白鳥 が 吐く 腸,ハクチョウガハクチョウ
『このワイヤーは、卑猥やー !! 』,2.0,2,この ワイヤー は 卑猥 や ー,コノワイヤーワヒワイヤー
軍人さんが、ヒゲ剃るジャー !!（soldier）,3.0,4,軍人 さん が ヒゲ 剃る ジャー soldier,グンジンサンガヒゲソルジャーsoldier
梱包図を、compose !!（構図する）,3.0,2,梱包 図 を compose 構図 する,コンポウズオcomposeコウズスル
援助交際でエンジョイ！,1.5,2,援助 交際 で エンジョイ,エンジョコウサイデエンジョイ
捺印は、ナッツイン !!,4.0,1,捺印 は ナッツ イン,ナツインワナッツイン
寺院で買った、ジーンズ !!,3.0,4,寺院 で 買っ た ジーンズ,ジインデカッタジーンズ
18禁の、18金ネックレス !!,1.0,1,18 禁 の 18 金 ネックレス,18キンノ18キンネックレス
ニット帽で、日当10000円。,3.0,1,ニット 帽 で 日当 10000 円,ニットボウデニットウ10000エン
このミカンは、まだ未完成 !!,4.0,2,この ミカン は まだ 未 完成,コノミカンワマダミカンセイ
このキノコは、生き残りかっ !!,1.0,1,この キノコ は 生き残り かっ,コノキノコワイキノコリカッ
栗、喰いまくり!!,1.5,2,栗 喰い まくり,クリクイマクリ
レバー食べれば ? ,1.5,2,レバー 食べれ ば,レバータベレバ
皿うどんをかっさらう、ドン。,1.0,1,皿 うどん を かっ さらう ドン,サラウドンオカッサラウドン
ソーセージを食う、双生児 !!,2.0,1,ソーセージ を 食う 双生児,ソーセージオクウソウセイジ
ぜんざいを、全財産で買う !!,2.0,1,ぜんざい を 全 財産 で 買う,ゼンザイオゼンザイサンデカウ
納豆食うのは、納得いかん !!,1.5,2,納豆 食う の は 納得 いかん,ナットウクウノワナットクイカン
うおーっ、鯛が食べたい !!,1.0,1,う お ー っ 鯛 が 食べ たい,ウオーッタイガタベタイ
仁義無きジンギスカン !!,3.0,3,仁義 無き ジンギスカン,ジンギナキジンギスカン
スイカは安いか ? ,1.0,1,スイカ は 安い か,スイカワヤスイカ
おにぎりで、鬼斬り ！！,2.0,2,おにぎり で 鬼 斬り,オニギリデオニキリ
豆は、箸ではつまめん。,1.0,1,豆 は 箸 で は つまめ ん,マメワハシデワツマメン
ハッカが、自然発火 !!,3.0,1,ハッカ が 自然 発火,ハッカガシゼンハッカ
カラメルソースを絡める,2.0,1,カラメル ソース を 絡める,カラメルソースオカラメル
重水素入りジュース。,1.0,1,重水素 入り ジュース,ジュウスイソイリジュース
ワインが怖いん？,3.0,2,ワイン が 怖い ん,ワインガコワイン
ビールを頭から、浴び～る !!,4.0,1,ビール を 頭 から 浴びる,ビールオアタマカラアビル
利休も、たまにはリキュール！,3.6,3,利休 も たま に は リキュール,リキュウモタマニワリキュール
Ａ：『あそこの料理屋、魚食べ放題らしいぜ。』Ｂ：『フッ、まさかな・・・。』,3.3,3,Ａ ： あそこ の 料理 屋 魚 食べ 放題 らしい ぜ Ｂ ： フッ まさか な,エイ：アソコノリョウリヤギョタベホウダイラシイゼビー：フッマサカナ
食堂の常連客：『あれっ ? タカナピラフなんて、あったかなぁ ? 』,3.0,1,食堂 の 常連 客 ： あれ っ タカナ ピラフ なんて あっ た か なぁ,ショクドウノジョウレンキャク：アレッタカナピラフナンテアッタカナァ
女子高生Ａ：『朝食って、これだけ？』女子高生Ｂ：『超～ショック !! 』,3.3,6,女子高 生 Ａ ： 朝 食っ て これ だけ 女子高 生 Ｂ ： 超 ショック,ジョシコウセイエイ：アサクッテコレダケジョシコウセイビー：チョウショック
イランは、手に入らん !!,1.0,1,イラン は 手 に 入ら ん,イランワテニハイラン
インド製のブラインド !!,2.5,2,インド 製 の ブラインド,インドセイノブラインド
オランダには誰もおらんだ !!,3.0,2,オランダ に は 誰 も おら ん だ,オランダニワダレモオランダ
カナダ人の、酒のサカナだ !!,1.0,1,カナダ 人 の 酒 の サカナ だ,カナダジンノサケノサカナダ
キューバを、緊急爆破？！,2.5,2,キューバ を 緊急 爆破,キューバオキンキュウバクハ
Ａ：『タイに行きたい !! 』Ｂ：『・・・痛い目に遭うぜ !! 』,1.0,1,Ａ ： タイ に 行き たい Ｂ ： 痛い 目 に 遭う ぜ,エイ：タイニイキタイビー：イタイメニアウゼ
このチャイナドレス、ちょっとちっちゃいな。,3.6,5,この チャイナ ドレス ちょっと ちっちゃい な,コノチャイナドレスチョットチッチャイナ
朝鮮旅行に、初挑戦 !!,1.0,1,朝鮮 旅行 に 初 挑戦,チョウセンリョコウニハツチョウセン
このドイツ人と、同一人物！,1.0,1,この ドイツ 人 と 同 一人物,コノドイツジントドウイチジンブツ
トルコの、スペースシャトル工場 !!,1.0,1,トルコ の スペースシャトル 工場,トルコノスペースシャトルコウジョウ
ナイジェリアは、無いじぇりあ !!,1.0,1,ナイジェリア は 無い じ ぇりあ,ナイジェリアワナイジぇりあ
ブラジル特製の、油汁 !!,1.0,1,ブラジル 特製 の 油 汁,ブラジルトクセイノアブラジル
フランスでは、雪は降らんス !!,2.0,2,フランス で は 雪 は 降ら ん ス,フランスデワユキワフランス
メキシコ人の、メッキ志向 !!,4.0,2,メキシコ 人 の メッキ 志向,メキシコジンノメッキシコウ
ロシアに、ろ紙在り !! ,2.5,2,ロシア に ろ紙 在り,ロシアニロシアリ
Ａ：『あいつ、パリに行ったらしいぜ。』Ｂ：『やっぱり、そうか・・・。』,2.0,1,Ａ ： あいつ パリ に 行っ た らしい ぜ Ｂ ： やっぱり そう か,エイ：アイツパリニイッタラシイゼビー：ヤッパリソウカ
イヌイットのペットは、犬1頭。,3.8,8,イヌイット の ペット は 犬 1 頭,イヌイットノペットワイヌ1トウ
Ａ：『東南アジアでは、盗難に注意！』Ｂ：『えっ？　それって、本当なん？』,1.0,2,Ａ ： 東南アジア で は 盗難 に 注意 Ｂ ： えっ 　 それ って 本当 な ん,エイ：トウナンアジアデワトウナンニチュウイビー：エッ　ソレッテホントウナン
『関税は、払わなあかんぜー !! 』,2.0,1,関税 は 払わ な あか ん ぜ ー,カンゼイワハラワナアカンゼー
『南海電車は、何か、いいぃ～～っ !! 』,3.6,8,南海 電車 は 何 か いい ぃっ,ナンカイデンシャワナニカイイぃっ
『釧路に行くなら、早くしろ !! 』,4.0,1,釧路 に 行く なら 早く しろ,クシロニイクナラハヤクシロ
『秋田は、もう飽きた !! 』,1.0,2,秋田 は もう 飽き た,アキタワモウアキタ
『福島で、降伏します・・・。』,2.0,1,福島 で 降伏 し ます,フクシマデゴウブクシマス
千葉で、落ち葉拾い。,2.0,1,千葉 で 落ち葉 拾い,チバデオチバヒロイ
奈良人の、歯並び。,3.0,3,奈良 人 の 歯並び,ナラジンノハナラビ
島根の年増姉さん。,2.0,1,島根 の 年増 姉さん,シマネノトシマネエサン
『軟骨、何個ついてる・・・ ?! 』,3.0,3,軟骨 何 個 ついてる,ナンコツナンコツイテル
内臓が、無いぞう！,2.0,2,内臓 が 無い ぞう,ナイゾウガナイゾウ
ブスのギブス！,3.0,1,ブス の ギブス,ブスノギブス
心肺機能が、心配だ・・・。,3.0,1,心肺 機能 が 心配 だ,シンパイキノウガシンパイダ
板東英二の、バンドエイジ。,4.0,1,板東 英二 の バンドエイジ,バンドウエイジノバンドエイジ
ドナーが見つかればいいけどなぁ・・・。,3.0,1,ドナー が 見つかれ ば いい けど なぁ,ドナーガミツカレバイイケドナァ
湿布を貼り合う、フレンドシップ。,4.0,1,湿布 を 貼り 合う フレンドシップ,シップオハリアウフレンドシップ
『君、内科へ行かないか ?! 』,1.0,1,君 内科 へ 行か ない か,キミナイカヘイカナイカ
外科の上下関係,2.5,2,外科 の 上下 関係,ゲカノジョウゲカンケイ
イカす、胃下垂。,3.0,2,イカ す 胃下垂,イカスイカスイ
女医と、エンジョイ。,3.8,7,女医 と エンジョイ,ジョイトエンジョイ
『残暑って、何ざんしょ ? 』,2.0,1,残暑 って 何 ざんしょ,ザンショッテナニザンショ
猛暑のスローモーション !!,1.0,1,猛暑 の スローモーション,モウショノスローモーション
Ａ：『あんた、運送会社の人 ? 』Ｂ：『うん、そう。』,3.0,4,Ａ ： あんた 運送 会社 の 人 Ｂ ： うん そう,エイ：アンタウンソウカイシャノヒトビー：ウンソウ
Ａ：『この荷物、配送して下さい。 』Ｂ：『はい、そうですか。』,3.3,3,Ａ ： この 荷物 配送 し て 下さい Ｂ ： はい そう です か,エイ：コノニモツハイソウシテクダサイビー：ハイソウデスカ
弁護士が、便後、死・・・。,3.2,4,弁護士 が 便 後 死,ベンゴシガビンゴシ
牧師の趣味は、ボクシング !!,3.0,3,牧師 の 趣味 は ボクシング,ボクシノシュミワボクシング
『教会に行くのは、今日かい？』,2.0,2,教会 に 行く の は 今日 かい,キョウカイニイクノワキョウカイ
『板前さん、しばらくそこに居たまえ。』,3.5,7,板前 さん しばらく そこ に 居 た ま え,イタマエサンシバラクソコニイタマエ
『ボクサーは、僕さ！』,1.0,1,ボクサー は 僕 さ,ボクサーワボクサ
ダンサーの優柔不断さ・・・。,2.0,1,ダンサー の 優柔不断 さ,ダンサーノユウジュウフダンサ
週６で収録！,2.3,3,週 ６ で 収録,シュウロクデシュウロク
『代数幾何、大好きか ?! 』,3.0,2,代数 幾何 大好き か,ダイスウキカダイスキカ
『地理は、バッチリ !! 』,3.0,5,地理 は バッチリ,チリワバッチリ
東芝の、凍死ババァ！！,3.0,2,東芝 の 凍死 ババ ァ,トウシバノトウシババァ
アーノルド・手話ルツネガー,3.0,2,アーノルド 手話 ルツネガー,アーノルドシュワルツネガー
『電子レンジにチャレンジ !! 』,1.0,1,電子 レンジ に チャレンジ,デンシレンジニチャレンジ
細胞研究用サイボーグ !!,2.0,2,細胞 研究 用 サイボーグ,サイボウケンキュウヨウサイボーグ
ドラムは、うちのドラ息子。,2.0,1,ドラム は うち の ドラ 息子,ドラムワウチノドラムスコ
Ａ：『山田君が、山で遭難したらしいな・・・。』Ｂ：『・・・そうなん・・・? 』,1.0,1,Ａ ： 山田 君 が 山 で 遭難 し た らしい な Ｂ ： そう なん,エイ：ヤマダクンガヤマデソウナンシタラシイナビー：ソウナン
馬車が、池にバシャッ !!,1.0,1,馬車 が 池 に バシャッ,バシャガイケニバシャッ
えんま大王特製「煙幕」!!,1.0,1,え ん ま 大王 特製 煙幕,エンマダイオウトクセイエンマク
ガキの、能書き !!,2.5,2,ガキ の 能書き,ガキノノウガキ
子供　　　　：『おばあちゃん、なんでメガネかけてるの ? 』おばあちゃん：『あたしゃ目がねぇ・・・・。』,2.5,2,子供 　 　 　 　 ： お ばあちゃん な んで メガネ かけ てる の お ばあちゃん ： あたしゃ 目 が ねぇ,コドモ　　　　：オバアチャンナンデメガネカケテルノオバアチャン：アタシャメガネェ
『先祖の供養なんか、誰もせんぞ !! 』,2.7,4,先祖 の 供養 なんか 誰 も せ ん ぞ,センゾノクヨウナンカダレモセンゾ
『バインダーがないと、ヤバいんだ～！』,3.0,6,バインダー が ない と ヤバ いん だ,バインダーガナイトヤバインダ
『このイスは、使い過ぎ !! 』,2.5,2,この イス は 使い 過ぎ,コノイスワツカイスギ
欧州から、押収。,2.6,3,欧州 から 押収,オウシュウカラオウシュウ
『強制送還、今日せぇや !! 』,3.0,3,強制 送還 今日 せ ぇや,キョウセイソウカンキョウセぇや
Ａ：『やっぱり、盗難防止には、カギをかけるに限る !! 』Ｂ：『しかし、泥棒にカギのありかを嗅ぎ付けられたらやばいぜ !! 』,2.5,2,Ａ ： やっぱり 盗難 防止 に は カギ を かける に 限る Ｂ ： しかし 泥棒 に カギ の あり か を 嗅ぎ付け られ たら やばい ぜ,エイ：ヤッパリトウナンボウシニワカギオカケルニカギルビー：シカシドロボウニカギノアリカオカギツケラレタラヤバイゼ
ホウキを、放棄 !!,1.0,1,ホウキ を 放棄,ホウキオホウキ
『コンドルは乗客いっぱいで、混んどるのう・・・。』,1.0,1,コンドル は 乗客 いっぱい で 混ん どる のう,コンドルワジョウキャクイッパイデコンドルノウ
カビに対して過敏症！,2.0,1,カビ に対して 過敏 症,カビニタイシテカビンショウ
『電話は、誰もでんわ・・・。』,3.0,2,電話 は 誰 も でんわ,デンワワダレモデンワ
カニは、必ずどこかにいる。,1.5,2,カニ は 必ず どこ か に いる,カニワカナラズドコカニイル
『このタイヤ、買いたいヤツいる ? 』,1.0,2,この タイヤ 買い たい ヤツ いる,コノタイヤカイタイヤツイル
『トイレに行っといレ !! 』,2.0,2,トイレ に 行っ とい レ,トイレニイットイレ
凡才の、盆栽 !!,2.0,1,凡才 の 盆栽,ボンサイノボンサイ
幽霊の言う、例 !!,2.0,1,幽霊 の 言う 例,ユウレイノイウレイ
クズ山が、崩れる !!,1.0,1,クズ 山 が 崩れる,クズヤマガクズレル
コンパで、疲労困憊 !!,2.8,5,コンパ で 疲労 困憊,コンパデヒロウコンパイ
中傷企業,2.0,1,中傷 企業,チュウショウキギョウ
『早く旋回せんかい !! 』,3.4,10,早く 旋回 せ ん かい,ハヤクセンカイセンカイ
テントで、店頭販売 ！！,2.7,4,テント で 店頭 販売,テントデテントウハンバイ
世界中の怪獣 !!,2.6,3,世界中 の 怪獣,セカイジュウノカイジュウ
解読書は、お買い得 !!,3.0,1,解読 書 は お買い得,カイドクショワオカイドク
ランプを持って、知らんぷり !!,3.0,1,ランプ を 持っ て 知らんぷり,ランプオモッテシランプリ
『一億円は、一応食えん !! 』,3.0,2,一 億 円 は 一応 食え ん,イチオクエンワイチオウクエン
『柱の上を走らないこと !! 』,2.0,1,柱 の 上 を 走ら ない こと,ハシラノウエオハシラナイコト
『トロイカは、とろいか ? 』,2.0,1,トロイカ は とろい か,トロイカワトロイカ
令嬢の、逮捕令状 !!,2.0,1,令嬢 の 逮捕 令状,レイジョウノタイホレイジョウ
コケシの、ズッコケシーン !!,1.0,1,コケ シ の ズッコケシーン,コケシノズッコケシーン
『塗装を、落とそう !! 』,2.0,2,塗装 を 落とそ う,トソウオオトソウ
『下駄箱に何が入ってるかな・・・・・ ?　げっ、タバコだっ !! 』,3.0,2,下駄 箱 に 何 が 入っ てる か な 　 げっ タバコ だっ,ゲタバコニナニガハイッテルカナ　ゲッタバコダッ
フェンスで、ディフェンス !!,2.5,2,フェンス で ディフェンス,フェンスデディフェンス
『オレ、大使になりたいしー・・・。』,2.0,2,オレ 大使 に なり たい し ー,オレタイシニナリタイシー
寄生虫は、ただいま帰省中 !!,3.4,5,寄生虫 は ただいま 帰省 中,キセイチュウワタダイマキセイチュウ
剣山を持って、『ただいま見参 !! 』,1.0,1,剣山 を 持っ て ただいま 見参,ケンザンオモッテタダイマケンザン
『ヒーターで、風邪ひいた !! 』,1.0,1,ヒーター で 風邪 ひい た,ヒーターデカゼヒイタ
『タデ食う虫、本当にいたで！』,2.5,2,タデ 食う 虫 本当に い た で,タデクウムシホントウニイタデ
『四天王、何してんの～（怒）』,3.5,4,四天王 何 し てん の 怒,シテンノウナニシテンノイカ
魅入られたミイラ !!,2.0,1,魅入ら れ た ミイラ,ミイラレタミイラ
ガスを探す。,1.0,1,ガス を 探す,ガスオサガス
『廊下で走ろうか ? 』,2.5,2,廊下 で 走ろ う か,ロウカデハシロウカ
ホースで、放水 !!,3.0,2,ホース で 放水,ホースデホウスイ
『ナットの締まりが、なっとらん !! 』,3.5,2,ナット の 締まり が なっ とら ん,ナットノシマリガナットラン
『くない喰らうと、痛くない ? 』 ,2.7,4,く ない 喰らう と 痛く ない,クナイクラウトイタクナイ
『ブレーカーは、無礼か ? 』,2.0,1,ブレーカー は 無礼 か,ブレーカーワブレイカ
『家賃の滞納は、避けたいのう・・・。』,3.1,7,家賃 の 滞納 は 避け たい のう,ヤチンノタイノウワサケタイノウ
『サンデーは、誰にも渡さんでー !! 』,2.0,2,サンデー は 誰 に も 渡 さん で ー,サンデーワダレニモワタリサンデー
Ａ：『おまえ、それは邪道やろ・・・。』Ｂ：『じゃ、どうすりゃいいんだ ? 』,3.0,3,Ａ ： おまえ それ は 邪道 やろ Ｂ ： じゃ どう すりゃ いい ん だ,エイ：オマエソレワジャドウヤロビー：ジャドウスリャイインダ
地雷に対する、恥じらい。,3.0,2,地雷 に対する 恥じらい,ジライニタイスルハジライ
拉致しても、ラチがあかん！,2.7,4,拉致 し て も ラチ が あかん,ラチシテモラチガアカン
エレベーターガール「ご利用回数は？」客「初めてです。」,2.4,5,エレベーター ガール ご 利用 回数 は 客 初めて です,エレベーターガールゴリヨウカイスウワキャクハジメテデス
北前船に、乗りに来たまえ。,3.0,3,北前 船 に 乗り に 来 た ま え,キタマエセンニノリニキタマエ
若泉さんとは、和解済み。,3.5,6,若 泉 さん と は 和解 済み,ワカイズミサントワワカイズミ
『どう見ても中年やっちゅうねん！』,3.3,6,どう 見 て も 中年 や っちゅう ねん,ドウミテモチュウネンヤッチュウネン
ネギを値切る,3.0,3,ネギ を 値切る,ネギオネギル
お食事券で汚職事件,3.6,8,お 食事 券 で 汚職 事件,オショクジケンデオショクジケン
カエルがひっくり返る！,2.5,10,カエル が ひっくり返る,カエルガヒックリカエル
美容師は、とんとんびょうし！,1.0,5,美容 師 は とんとん びょう し,ビヨウシワトントンビョウシ
栗の木をくりぬいた,3.0,1,栗 の 木 を くりぬい た,クリノキオクリヌイタ
モノレールにも、乗れ～る～！,3.6,5,モノレール に も 乗れる,モノレールニモノレル
副操縦士は服装重視。,4.1,55,副 操縦 士 は 服装 重視,フクソウジュウシワフクソウジュウシ
妹をイモウトコントロールする,1.0,3,妹 を イモウトコントロール する,イモウトオイモウトコントロールスル
「お父さん、イカが怒ってるよ！」「なに!?そりゃイカんなぁ」,2.5,2,お父さん イカ が 怒っ てる よ なに そりゃ イカ ん なぁ,オトウサンイカガオコッテルヨナニソリャイカンナァ
我がママは、ワガカマだ！,3.5,2,我が ママ は ワガカマ だ,ワガママワワガカマダ
イケアに行けや！,3.0,1,イケア に 行け や,イケアニイケヤ
女子付きの除湿器,3.3,3,女子 付き の 除 湿 器,ジョシツキノジョシメウツワ
コチジャンは、こっちじゃん！,2.6,3,コチジャン は こっち じゃん,コチジャンワコッチジャン
本がおぼれてブックブック,3.2,5,本 が おぼれ て ブック ブック,ホンガオボレテブックブック
ワックスをかけた　　　　わ～～～クスクス,3.5,2,ワックス を かけ た 　 　 　 　 わ クス クス,ワックスオカケタ　　　　ワクスクス
ステルスを捨てるッス！,2.5,2,ステルス を 捨てる ッス,ステルスオステルッス
あったかいものは、あったかい?,3.0,1,あったかい もの は あったかい,アッタカイモノワアッタカイ
父さんは、ここを通さん,2.0,1,父さん は ここ を 通さ ん,トウサンワココオトオサン
パパラッチが、パパ拉致！,2.0,1,パパ ラッチ が パパ 拉致,パパラッチガパパラチ
宅間伸が愛用している、美味しいご飯を炊くマシーン！,2.0,1,宅間 伸 が 愛用 し て いる 美味しい ご飯 を 炊く マシーン,タクマシンガアイヨウシテイルオイシイゴハンオタクマシーン
ラーメン屋でトウバンジャンを見て ふと思った！やばい……今日、掃除当番じゃん！,2.0,1,ラーメン 屋 で トウバンジャン を 見 て ふと 思っ た やばい … … 今日 掃除 当番 じゃん,ラーメンヤデトウバンジャンオミテフトオモッタヤバイ……キョウソウジトウバンジャン
ドコモの携帯置き忘れた、どこも探したけどないよ,1.0,1,ドコモ の 携帯 置き忘れ た どこ も 探し た けど ない よ,ドコモノケイタイオキワスレタドコモサガシタケドナイヨ
寄せ書きするのよせ、ガキ！,3.6,12,寄せ書き する の よせ ガキ,ヨセガキスルノヨセガキ
ラルクのHYDEが お笑いに目覚めた………パチパチパチパチ「はい、どうも～！」,3.0,1,ラルク の HYDE が お笑い に 目覚め た … … … パチ パチ パチ パチ はい どうも,ラルクノHYDEガオワライニメザメタ………パチパチパチパチハイドウモ
中曽根総理を、泣かそうね！,3.5,4,中曽根 総理 を 泣かそ う ね,ナカソネソウリオナカソウネ
中州で泣かす！,3.0,1,中州 で 泣かす,ナカスデナカス
スパイのスパイク,2.0,1,スパイ の スパイク,スパイノスパイク
阿部零士のアベレージ,3.5,4,阿部 零 士 の アベレージ,アベレイシノアベレージ
ボードで暴動！,2.7,4,ボード で 暴動,ボードデボウドウ
クリステルが、ビックリしてる！,2.7,4,クリステル が ビックリ し てる,クリステルガビックリシテル
Wiiはとっても初々しい！,2.5,2,Wii は とっても 初々しい,Wiiワトッテモウイウイシイ
産婆がサンバ！,3.0,1,産婆 が サンバ,サンバガサンバ
新庄の心情・・・,2.5,2,新庄 の 心情,シンジョウノシンジョウ
セロのマジック、辞めさせろ！,3.5,2,セロ の マジック 辞め させろ,セロノマジックヤメサセロ
天ぷらを添付らー！,1.0,1,天ぷら を 添付 ら ー,テンプラオテンプラー
丸刈りでマルガリータ,4.0,2,丸刈り で マルガリータ,マルガリデマルガリータ
スタン・ハンセンが、反戦！,2.6,3,スタンハンセン が 反戦,スタンハンセンガハンセン
マクロスは、真っ黒ッス！,3.0,2,マクロス は 真っ黒 ッス,マクロスワマックロッス
オーク材のオークション,2.0,1,オーク 材 の オーク ション,オークザイノオークション
大会に行きたいかい?,2.0,1,大会 に 行き たい かい,タイカイニイキタイカイ
毛根は、もう来ん・・・,3.7,4,毛根 は もう 来ん,モウコンワモウキタン
区内にもう居たくない,3.8,7,区内 に もう 居 たく ない,クナイニモウイタクナイ
南海に、何回行くの?,2.0,1,南海 に 何 回 行く の,ナンカイニナンカイイクノ
銭湯で戦闘するな!!,2.0,1,銭湯 で 戦闘 する な,セントウデセントウスルナ
この鳥、捕りにくい,1.0,1,この 鳥 捕り にくい,コノトリトリニクイ
トルコを撮る子,3.0,1,トルコ を 撮る 子,トルコオトルコ
ゴミの醍醐味,4.0,1,ゴミ の 醍醐味,ゴミノダイゴミ
大差をつけたいさ,3.0,2,大差 を つけ たい さ,タイサオツケタイサ
蕎麦で、遊ばせろ！,2.0,1,蕎麦 で 遊ば せろ,ソバデアソバセロ
スガシカオの顔は、清々しぃ顔！,3.8,6,スガシカオ の 顔 は 清々し ぃ 顔,スガシカオノカオワスガスガシぃガオ
大佐に大差！,2.0,1,大佐 に 大差,タイサニタイサ
缶が噛んだ！,1.0,1,缶 が 噛ん だ,カンガカンダ
アルミ缶の上にあるミカン,3.2,7,アルミ 缶 の 上 に ある ミカン,アルミカンノウエニアルミカン
メイヤはオレの姪やねん!,3.0,1,メイヤ は オレ の 姪 や ねん,メイヤワオレノメイヤネン
神田うのが、噛んだ!,3.0,1,神田 うの が 噛ん だ,カンダウノガカンダ
ロンリーな論理,2.5,2,ロンリー な 論理,ロンリーナロンリ
内科に行っても意味ないか。,2.0,1,内科 に 行っ て も 意味 ない か,ナイカニイッテモイミナイカ
添乗員、天井いんの？,2.0,2,添乗 員 天井 い ん の,テンジョウインテンジョウインノ
久保のエクボ,2.8,5,久保 の エクボ,クボノエクボ
万年床に、してまんねん！,3.0,2,万年床 に し て ま ん ねん,マンネンドコニシテマンネン
タクシーで、ご飯炊くし～,2.8,6,タクシー で ご飯 炊く し,タクシーデゴハンタクシ
胃炎を起こした、オブライエン。,3.0,4,胃炎 を 起こし た オブライエン,イエンオオコシタオブライエン
マナー違反の、炊飯ジャー,3.0,1,マナー 違反 の 炊飯 ジャー,マナーイハンノスイハンジャー
ホーチミンで、放置プレイ！,2.6,3,ホーチミン で 放置 プレイ,ホーチミンデホウチプレイ
江戸のエドウィン,3.0,1,江戸 の エドウィン,エドノエドウィン
神社でジンジャーエール,3.0,1,神社 で ジンジャー エール,ジンジャデジンジャーエール
プロのポリスが、プロポリス！,2.0,2,プロ の ポリス が プロ ポリス,プロノポリスガプロポリス
商いは、飽きない？,3.0,1,商い は 飽き ない,アキナイワアキナイ
ヒゲを卑下！,2.0,1,ヒゲ を 卑下,ヒゲオヒゲ
湖面でコメント,3.0,3,湖面 で コメント,コメンデコメント
イルカは居るか？,1.0,2,イルカ は 居る か,イルカワイルカ
ゲリラで下痢ら～,3.0,1,ゲリラ で 下痢 ら,ゲリラデゲリラ
鑑定したら、アカンって～,3.0,1,鑑定 し たら アカ ン って,カンテイシタラアカンッテ
総理がsorry...,1.5,2,総理 が sorry ...,ソウリガsorry...
稲葉がイナバウアー,2.5,2,稲葉 が イナバウアー,イナバガイナバウアー
地価の安い地下１階は近いかい？,2.0,1,地価 の 安い 地下 １ 階 は 近い かい,チカノヤスイチカイチカイワチカイカイ
新庄が、一身上の都合により復帰！,4.0,1,新庄 が 一身上 の 都合 により 復帰,シンジョウガイッシンジョウノツゴウニヨリフッキ
明智光秀が お餅を３つしかくれなかった！あ～ケチッ！３つ？ ひでぇ～,3.0,5,明智 光秀 が お 餅 を ３つ しか くれ なかっ た あ ケチッ ３つ ひで ぇ,アケチミツヒデガオモチオミッツシカクレナカッタアケチッミッツヒデぇ
かせきさいだーは、過積載だー！,3.0,2,かせ き さい だ ー は 過 積載 だ ー,カセキサイダーワカセキサイダー
採光は、サイコー！,3.0,1,採光 は サイコー,サイコウワサイコー
僕の家、変電所の近くにあるんだ。変でしょ？,3.6,3,僕 の 家 変電 所 の 近く に ある ん だ 変 でしょ,ボクノイエヘンデンショノチカクニアルンダヘンデショ
コロンビアでは転びやすい。,3.6,3,コロンビア で は 転び やすい,コロンビアデワコロビヤスイ
Ａ：『今日は何曜日？？』Ｂ：『火曜日』Ａ：『ホントかよぅ～～』,3.8,7,Ａ ： 今日 は 何 曜日 Ｂ ： 火曜日 Ａ ： ホント か よぅ,エイ：キョウワナニヨウビビー：カヨウビエイ：ホントカヨゥ
そこのトマト、止まっといて＾＾,3.3,6,そこ の トマト 止まっ とい て ＾ ＾,ソコノトマトトマットイテ＾＾
Ａ：『車って英語でなんて言うんだっけ？』Ｂ：『Ｃａｒだよ』Ａ：『そっか～～』,3.0,4,Ａ ： 車 って 英語 で なんて 言う ん だ っけ Ｂ ： Ｃａｒ だ よ Ａ ： そっ か,エイ：クルマッテエイゴデナンテイウンダッケビー：Ｃａｒダヨエイ：ソッカ
ビリヤードのお前の順位はビリや～ど～！,3.0,1,ビリヤード の お前 の 順位 は ビリ や ど,ビリヤードノオマエノジュンイワビリヤド
店頭で転倒！,4.0,2,店頭 で 転倒,テントウデテントウ
GIジョーの、慈愛じゃー！,3.0,1,GI ジョー の 慈愛 じゃー,GIジョーノジアイジャー
Ａ「東海で倒壊！」Ｂ「それって本当かい？」,2.0,1,Ａ 東海 で 倒壊 Ｂ それ って 本当 かい,エイトウカイデトウカイビーソレッテホントウカイ
子機をコキ使う,4.0,1,子 機 を コキ 使う,コキオコキツカウ
お山の上で布団が吹っ飛んだ！！おやまぁ～～,2.8,6,お山 の 上 で 布団 が 吹っ飛ん だ おや まぁ,オヤマノウエデフトンガフットンダオヤマァ
漢字を書いて『おっ！いい感じ！！』,2.8,5,漢字 を 書い て おっ いい 感じ,カンジオカイテオッイイカンジ
豪快に、泳ごうかい！,3.8,9,豪快 に 泳ご う かい,ゴウカイニオヨゴウカイ
抹茶が余っちゃった,3.7,8,抹茶 が 余っ ちゃっ た,マッチャガアマッチャッタ
グミの勝ち組,2.0,1,グミ の 勝ち 組,グミノカチグミ
王女を、追うじょ～,2.5,2,王女 を 追う じ ょ,オウジョオオウジょ
廊下が老化,3.0,1,廊下 が 老化,ロウカガロウカ
爆弾を担いで踊る バックダンサー！,4.0,1,爆弾 を 担い で 踊る バック ダンサー,バクダンオカツイデオドルバックダンサー
野球部、嫌々休部,3.0,1,野球 部 嫌 々 休部,ヤキュウブイヤ々キュウブ
デパートでパートリーダーを決める,1.0,1,デパート で パート リーダー を 決める,デパートデパートリーダーオキメル
鶴を釣る,2.0,1,鶴 を 釣る,ツルオツル
バンコクでは、屁を晩こく,2.0,3,バンコク で は 屁 を 晩 こく,バンコクデワヘオバンコク
テイトウワの、抵当は？,3.6,5,テイトウワ の 抵当 は,テイトウワノテイトウワ
comb（コーム／くし）で、公務執行妨害！,3.0,1,comb コーム ／ くし で 公務 執行 妨害,combコーム／クシデコウムシッコウボウガイ
エアーズロックの図録,3.5,2,エアーズロック の 図録,エアーズロックノズロク
暗黒卿が、アンコ喰う、今日。,3.0,2,暗黒 卿 が アンコ 喰う 今日,アンコクキョウガアンコクウキョウ
美女のビジョン,3.0,1,美女 の ビジョン,ビジョノビジョン
菊菜のことは聞くな！,4.0,1,菊菜 の こと は 聞く な,キクナノコトワキクナ
動詞がわからない、どうしよう・・・,3.0,1,動詞 が わから ない どう しよ う,ドウシガワカラナイドウシヨウ
お金は、おっかねー,2.5,2,お金 は おっ か ねー,オカネワオッカネー
寺を照らす,2.5,2,寺 を 照らす,テラオテラス
牛をぎゅうぎゅうに詰める,2.0,1,牛 を ぎゅうぎゅう に 詰める,ウシオギュウギュウニツメル
市都県をそのままにしとけん,4.0,2,市 都県 を そのまま に し とけん,シトケンオソノママニシトケン
腰を少しずらす,2.0,1,腰 を 少し ずらす,コシオスコシズラス
メーテルが、わめいてる！,3.8,5,メーテル が わめい てる,メーテルガワメイテル
少将、少々お待ちください。,3.0,1,少将 少々 お待ち ください,ショウショウショウショウオマチクダサイ
ぶどう、１粒どう？？？,3.7,4,ぶどう １ 粒 どう,ブドウイチツブドウ
「ハングライダーにいつ乗ったの？」「1時半ぐらいだぁ!!」,3.0,1,ハン グライダー に い つ 乗っ た の 1 時半 ぐらい だ ぁ,ハングライダーニイツノッタノ1ジハングライダぁ
鈍器を持ったドンキホーテ,2.7,4,鈍器 を 持っ た ドンキホーテ,ドンキオモッタドンキホーテ
筑波山に食いつくばぁさん,2.0,1,筑波山 に 食いつく ば ぁさん,ツクバサンニクイツクバぁさん
クリスタルで、栗擦ったる,3.1,7,クリスタル で 栗 擦っ たる,クリスタルデクリコスッタル
委員会でウソをついていいんかい？,3.0,1,委員 会 で ウソ を つい て いい ん かい,イインカイデウソオツイテイインカイ
数あるカジュアルウェア,3.0,2,数 ある カジュアル ウェア,カズアルカジュアルウェア
コンビ二で出会った二人がコンビに！！,2.4,5,コンビ 二 で 出会っ た 二 人 が コンビ に,コンビニデデアッタニニンガコンビニ
タクシーに乗るわたくしー,2.8,7,タクシー に 乗る わたくし ー,タクシーニノルワタクシー
コンドルが、けつにツッコンドル！！！,2.6,3,コンドル が けつ に ツッコンドル,コンドルガケツニツッコンドル
引火してるけど、いいんか？,3.0,1,引火 し てる けど いい ん か,インカシテルケドイインカ
五月みどりのシャツ、黄緑！,3.8,7,五月 みどり の シャツ 黄 緑,サツキミドリノシャツキミドリ
色の色は色々な色だ。,2.0,2,色 の 色 は 色々 な 色 だ,イロノイロワイロイロナイロダ
俺のレンジはオレンジ,3.3,3,俺 の レンジ は オレンジ,オレノレンジワオレンジ
ダリは、踏んだり蹴ったり,3.6,3,ダリ は 踏ん だり 蹴っ たり,ダリワフンダリケッタリ
古米を食いに行こまい！,3.0,1,古米 を 食い に 行こ まい,コマイオクイニイコマイ
鈴木京香が、すすぎ強化！,4.0,1,鈴木 京香 が すすぎ 強化,スズキキョウカガススギキョウカ
鈴木京香が来るのは、今日か？,3.0,1,鈴木 京香 が 来る の は 今日 か,スズキキョウカガクルノワキョウカ
作家の錯覚,3.0,1,作家 の 錯覚,サッカノサッカク
千疋屋で、ドン引きや！,4.0,1,千疋 屋 で ドン 引き や,センビキヤデドンビキヤ
ベントで弁当,1.0,1,ベント で 弁当,ベントデベントウ
ユベントスで、湯弁当ッス！,3.3,3,ユベントス で 湯 弁当 ッス,ユベントスデユベントウッス
プラレールで、振られーる！,3.0,2,プラレール で 振ら れ ー る,プラレールデフラレール
バイオリンで、倍、降りん。,3.0,1,バイオリン で 倍 降り ん,バイオリンデバイオリン
飲茶食べ過ぎた。や～、無茶した。,4.0,1,飲茶 食べ 過ぎ た や 無茶 し た,ヤムチャタベスギタヤムチャシタ
イベントでいい弁当！！,3.5,2,イベント で いい 弁当,イベントデイイベントウ
手に酢で、テニス,3.0,1,手 に 酢 で テニス,テニスデテニス
ラクダが落第しません。,3.0,3,ラクダ が 落第 し ませ ん,ラクダガラクダイシマセン
ゴルゴ13のゴルゴンゾーラ,3.5,2,ゴルゴ 13 の ゴルゴンゾーラ,ゴルゴ13ノゴルゴンゾーラ
素敵なステーキ,2.6,3,素敵 な ステーキ,ステキナステーキ
手紙書くの忘れたー（レター）,3.0,1,手紙 書く の 忘れ た ーレター,テガミカクノワスレターレター
マトンを待っとんねん！,4.0,1,マトン を 待っ とん ねん,マトンオマットンネン
ケーキを買えば、景気がよい。,2.0,1,ケーキ を 買え ば 景気 が よい,ケーキオカエバケイキガヨイ
松任で余暇を全う！,2.0,2,松任 で 余暇 を 全う,マットウデヨカオマットウ
もっとメールを求めーる ,3.0,1,もっと メール を 求め ー る,モットメールオモトメール
メル友を、やめるとも！,4.0,3,メル 友 を やめる とも,メルトモオヤメルトモ
FOMAのコストパフォーマンス,3.0,1,FOMA の コストパフォーマンス,FOMAノコストパフォーマンス
大木凡人がジェームス・ボンド,3.0,3,大木凡人 が ジェームスボンド,オオキボンドガジェームスボンド
オシム監督が、口惜しむ・・・,4.0,1,オシム 監督 が 口 惜しむ,オシムカントクガクチオシム
チベットで、別途見積り,4.0,1,チベット で 別途 見積り,チベットデベットミツモリ
マリでニンマリ,4.0,1,マリ で ニンマリ,マリデニンマリ
ニトリで、ヤニ取り,4.0,1,ニトリ で ヤニ 取り,ニトリデヤニトリ
ベッカムが、キャベツ噛む！,3.0,2,ベッカム が キャベツ 噛む,ベッカムガキャベツカム
蟻ここにあり。,3.0,2,蟻 ここ に あり,アリココニアリ
耳にタコが出来てしまった、イヤーね。,3.0,1,耳 に タコ が 出来 て しまっ た イヤー ね,ミミニタコガデキテシマッタイヤーネ
代弁しながら大便,3.0,2,代弁 し ながら 大便,ダイベンシナガラダイベン
最高裁には、朝行こう。,4.0,1,最高裁 に は 朝 行こ う,サイコウサイニワアサイコウ
半ケツで判決！,3.0,2,半 ケツ で 判決,ハンケツデハンケツ
岩盤浴でガンバ（死語）,3.3,3,岩盤 浴 で ガンバ 死語,ガンバンヨクデガンバシゴ
山村でシャンソン,3.0,1,山村 で シャンソン,サンソンデシャンソン
ゴキブリの動きぶり,3.8,23,ゴキブリ の 動き ぶり,ゴキブリノウゴキブリ
湿原で失言・・・,3.0,2,湿原 で 失言,シツゲンデシツゲン
丹後でタンゴ！,2.5,2,丹後 で タンゴ,タンゴデタンゴ
水中で爆睡中,4.0,1,水中 で 爆睡 中,スイチュウデ爆睡チュウ
湾口にいるワン公。,2.3,3,湾口 に いる ワン 公,ワンコウニイルワンオオヤケ
車道で牧師が、シャドーボクシング,3.0,2,車道 で 牧師 が シャドー ボクシング,シャドウデボクシガシャドーボクシング
歯科医の仕返しかい？,4.0,1,歯科 医 の 仕返し かい,シカイノシカエシカイ
小学生は、生姜くせぇ！,3.2,4,小学生 は 生姜 くせ ぇ,ショウガクセイワショウガクセぇ
ナイスじゃ無いっす・・・・,1.6,3,ナイス じゃ 無い っす,ナイスジャナイッス
菓子付きの加湿器,4.0,2,菓子 付き の 加湿 器,カシツキノカシツキ
氷菓子で高利貸し,4.0,1,氷菓子 で 高利貸し,コオリガシデコウリガシ
備後でビンゴ！,3.0,1,備後 で ビンゴ,ビンゴデビンゴ
バースとミス・ユニバース,3.0,1,バース と ミス ユニバース,バーストミスユニバース
福田家の掃除は、拭くだけ？,3.7,13,福田 家 の 掃除 は 拭く だけ,フクダカノソウジワフクダケ
恋のできない鯉,2.6,5,恋 の でき ない 鯉,コイノデキナイコイ
馬はうまい。,2.0,1,馬 は うまい,ウマワウマイ
打撲で死んだ僕。,4.0,18,打撲 で 死ん だ 僕,ダボクデシンダボク
あ、やや遅れてきたあややだ,3.0,2,あ やや 遅れ て き た あ やや だ,アヤヤオクレテキタアヤヤダ
アラスカを荒らすか？,3.4,5,アラスカ を 荒らす か,アラスカオアラスカ
細工したサイクロン掃除機,3.0,1,細工 し た サイクロン 掃除 機,サイクシタサイクロンソウジキ
父さんが倒産,2.0,1,父さん が 倒産,トウサンガトウサン
関与したらアカンよ～,3.0,1,関与 し たら アカン よ,カンヨシタラアカンヨ
お尻が言った「我々は、割れ割れ！」,3.0,2,お 尻 が 言っ た 我々 は 割れ 割れ,オシリガイッタワレワレワワレワレ
マテ茶を飲んで待て！,3.0,1,マテ 茶 を 飲ん で 待て,マテチャオノンデマテ
叶姉妹は、化膿しまい・・・,4.0,3,叶 姉妹 は 化膿 し まい,カノウシマイワカノウシマイ
広告塔を乞う黒糖,2.8,7,広告塔 を 乞う 黒糖,コウコクトウオコウコクトウ
おかかがあるのは、丘か？,3.0,1,おかか が ある の は 丘 か,オカカガアルノワオカカ
ガクトが、歯を磨くと？,3.0,1,ガクト が 歯 を 磨く と,ガクトガハオミガクト
ガクトの学党,3.0,1,ガクト の 学 党,ガクトノガクトウ
ゴレンジャーのメシは、ナシゴレンじゃー！,4.0,1,ゴレンジャー の メシ は ナシゴレン じゃー,ゴレンジャーノメシワナシゴレンジャー
バースがリバース,3.3,3,バース が リバース,バースガリバース
漆器で失禁,3.0,1,漆器 で 失禁,シッキデシッキン
陶器を不法投棄,3.0,1,陶器 を 不法 投棄,トウキオフホウトウキ
ストーブがすっ飛ぶ,3.0,3,ストーブ が すっ飛ぶ,ストーブガスットブ
カシスソーダで仮死しそうだ！,3.3,3,カシスソーダ で 仮死 し そう だ,カシスソーダデカシシソウダ
鬼太郎が来たろう？,3.0,1,鬼太郎 が 来 たろ う,オニタロウガキタロウ
新庄の新常識！,3.5,2,新庄 の 新 常識,シンジョウノシンジョウシキ
アゲアゲの唐揚げ,3.0,1,アゲアゲ の 唐 揚げ,アゲアゲノトウアゲ
ゲイの一発芸,3.0,2,ゲイ の 一 発 芸,ゲイノイチハツゲイ
汁物を知る者,3.0,1,汁物 を 知る 者,シルモノオシルモノ
自遊時間に行って、もう10時間・・・,4.0,1,自 遊 時間 に 行っ て もう 10 時間,ジ遊ジカンニイッテモウ10ジカン
リストバンドして、リスとバンド,3.1,9,リスト バンド し て リス と バンド,リストバンドシテリストバンド
空腹なので食う服,2.3,3,空腹 な ので 食う 服,クウフクナノデクウフク
海外で食べる貝がいい！,4.0,2,海外 で 食べる 貝 が いい,カイガイデタベルカイガイイ
プリンセス天功は、破天荒！,4.0,1,プリンセス 天 功 は 破天荒,プリンセステンコウワハテンコウ
ブリのブリーフ,3.0,1,ブリ の ブリーフ,ブリノブリーフ
三田さんが見たサンタ,3.0,1,三田 さん が 見 た サンタ,ミタサンガミタサンタ
バスケットの試合に馬場助っ人,3.7,4,バスケット の 試合 に 馬場 助っ人,バスケットノシアイニババスケット
ウランは売らん！,2.0,2,ウラン は 売ら ん,ウランワウラン
大仏見学行って、だいぶ疲れた・・・,3.0,1,大仏 見学 行っ て だいぶ 疲れ た,ダイブツケンガクイッテダイブツカレタ
ジャイアン死んじゃいやぁん,2.6,3,ジャイアン 死ん じゃ いやぁ ん,ジャイアンシンジャイヤァン
忍者は何人じゃ？,3.0,1,忍者 は 何 人 じゃ,ニンジャワナンニンジャ
オットセイを谷から落っとせい！,3.0,1,オットセイ を 谷 から 落っ と せい,オットセイオタニカラオットセイ
ぼっちゃんが池に落ちてボッチャン！,3.0,1,ぼっ ちゃ ん が 池 に 落ち て ボッチャン,ボッチャンガイケニオチテボッチャン
チーズに地図を書く,2.0,1,チーズ に 地図 を 書く,チーズニチズオカク
オーマイのスパゲッティのソースはうますぎて、オーマイゴッド！！,2.0,1,オーマイ の スパゲッティ の ソース は うま すぎ て オーマイゴッド,オーマイノスパゲッティノソースワウマスギテオーマイゴッド
三鷹市で見た菓子,3.0,1,三鷹 市 で 見 た 菓子,ミタカシデミタカシ
家内のまかない,3.0,1,家内 の まかない,カナイノマカナイ
マッカランは、まからん。,3.0,1,マッカラン は まから ん,マッカランワマカラン
俺、メガネには目がねぇ。,2.0,1,俺 メガネ に は 目 が ねぇ,オレメガネニワメガネェ
ニシンの二審判決,2.5,2,ニシン の 二 審 判決,ニシンノニシンハンケツ
ガムをがむしゃらに噛む,2.5,2,ガム を がむしゃら に 噛む,ガムオガムシャラニカム
チーターがお山からおっこちーたー,1.6,5,チーター が お山 から おっこち ー た ー,チーターガオヤマカラオッコチーター
校長、今日も絶好調！！,2.7,4,校長 今日 も 絶好調,コウチョウキョウモゼッコウチョウ
箸が走った。,1.5,2,箸 が 走っ た,ハシガハシッタ
井の頭線に乗ればいいのかしら？,3.0,1,井の頭線 に 乗れ ば いい の かしら,イノカシラセンニノレバイイノカシラ
お嬢、王城で立ち往生,3.0,1,お 嬢 王城 で 立ち往生,オジョウオウジョウデタチオウジョウ
大分で転んだよ・・・お～痛っ！,3.0,1,大分 で 転ん だ よお 痛 っ,オオイタデコロンダヨオイタッ
鬼太郎の映画ができたろう？,3.6,3,鬼太郎 の 映画 が でき たろ う,オニタロウノエイガガデキタロウ
タミフルを、振る,3.5,2,タミフル を 振る,タミフルオフル
宝くじが、また空くじ,3.0,1,宝くじ が また 空くじ,タカラクジガマタカラクジ
宝生舞からの報奨米,4.0,1,宝生 舞 から の 報奨 米,ホウショウマイカラノホウショウマイ
ビリーとのんびり,2.0,1,ビリー と のんびり,ビリートノンビリ
葉加瀬太郎を、吐かせたろう？,3.0,2,葉 加瀬 太郎 を 吐か せ たろ う,ハカセタロウオハカセタロウ
バッキンガム宮殿で、罰金！,3.0,1,バッキンガム 宮殿 で 罰金,バッキンガムキュウデンデバッキン
立てこもりで立てもっこり,3.0,1,立てこもり で 立て もっ こり,タテコモリデタテモッコリ
今日の料理は京料理,3.5,2,今日 の 料理 は 京 料理,キョウノリョウリワキョウリョウリ
ダサい服を下さい,3.5,2,ダサい 服 を 下さい,ダサイフクオクダサイ
カスミソウを見ていると目がかすみそう,3.0,1,カスミソウ を 見 て いる と 目 が かすみ そう,カスミソウオミテイルトメガカスミソウ
クリスマスにプレゼントをお贈り済ます,3.0,1,クリスマス に プレゼント を お 贈り 済ます,クリスマスニプレゼントオオオクリスマス
キウイが徒競走をするといっつも９位.....。,3.0,1,キウイ が 徒競走 を する と いっつも ９ 位 .....,キウイガトキョウソウオスルトイッツモキュウイ.....
私のみかんが３日間、見っかんない・・・,3.5,2,私 の みかん が ３ 日間 見 っ かん ない,ワタシノミカンガサンニチカンミッカンナイ
波多陽区にようく似てる。,2.0,1,波多 陽 区 に よ うく 似 てる,ハタヨウクニヨウクニテル
メロンを食うキャメロン・ディアス,4.0,1,メロン を 食う キャメロンディアス,メロンオクウキャメロンディアス
ルパンが好きなロールパン,3.2,4,ルパン が 好き な ロールパン,ルパンガスキナロールパン
九州を急襲,3.0,1,九州 を 急襲,キュウシュウオキュウシュウ
九州を吸収合併,3.0,1,九州 を 吸収 合併,キュウシュウオキュウシュウガッペイ
ボンドまみれのジェームス・ボンド,3.5,2,ボンド まみれ の ジェームス ボンド,ボンドマミレノジェームスボンド
サムネイル表示見て「寒い。寝る。」,2.0,1,サムネイル 表示 見 て 寒い 寝る,サムネイルヒョウジミテサムイネル
サムネイルで、サム、寝入る・・・,3.0,1,サムネイル で サム 寝入る,サムネイルデサムネイル
カクテル好きな人が蚊、食ってる,3.0,1,カクテル 好き な 人 が 蚊 食っ てる,カクテルスキナヒトガカクッテル
テロだ！よう～く見てろ,3.5,2,テロ だ よ うく 見 て ろ,テロダヨウクミテロ
インコグニートがニート生活,3.0,1,インコグニート が ニート 生活,インコグニートガニートセイカツ
カリブ海で頬被りかい？,3.0,1,カリブ海 で 頬被り かい,カリブカイデホオカブリカイ
いなりが倍だよ！　バイナリ！,3.0,1,い なり が 倍 だ よ 　 バイナリ,イナリガバイダヨ　バイナリ
九官鳥は図書館の旧館長,3.5,2,九官鳥 は 図書館 の 旧 館長,キュウカンチョウワトショカンノキュウカンチョウ
美容師さんが病死,3.0,1,美容 師 さん が 病死,ビヨウシサンガビョウシ
三条市に参上した,3.0,1,三条 市 に 参上 し た,サンジョウシニサンジョウシタ
ホエールが吼える,3.0,1,ホエール が 吼える,ホエールガホエル
川崎麻世も迷う,4.0,1,川崎 麻世 も 迷う,カワサキマヨモマヨウ
ヒグラシはその日暮らし,3.0,1,ヒグラシ は その 日 暮らし,ヒグラシワソノヒクラシ
暇つぶしにひつまぶし,3.0,1,暇つぶし に ひつ まぶし,ヒマツブシニヒツマブシ
１０００回旋回した。,3.0,2,１ ０ ０ ０ 回 旋回 し た,イチゼロゼロゼロカイセンカイシタ
マッチ貸して？Thank you very マッチ！！,3.5,2,マッチ 貸し て Thankyouvery マッチ,マッチカシテThankyouveryマッチ
美沙ちゃんとミサに出掛ける,3.0,1,美沙 ちゃん と ミサ に 出掛ける,ミサチャントミサニデカケル
シャイな社員,3.0,2,シャイ な 社員,シャイナシャイン
急須・・・。万事休す！！,2.0,1,急須 万事休す,キュウスバンジキュウス
乾燥する時期に、歓送迎会！,3.0,1,乾燥 する 時期 に 歓送 迎 会,カンソウスルジキニカンソウムカエカイ
焼肉、焼きにくい！！,2.7,4,焼肉 焼き にくい,ヤキニクヤキニクイ
石灰。おせっかい！！,3.0,1,石灰 おせっかい,セッカイオセッカイ
シラスが何かを知らす。,3.5,2,シラス が 何 か を 知らす,シラスガナニカオシラス
箒（ほうき）を放棄します。,2.5,2,箒 ほうき を 放棄 し ます,ホウキホウキオホウキシマス
腸カタルについて語る,2.0,1,腸カタル について 語る,チョウカタルニツイテカタル
猛者でも、もっさもさ,3.0,1,猛者 でも もっ さ も さ,モサデモモッサモサ
産休サンキュー！,3.0,2,産休 サンキュー,サンキュウサンキュー
ヒル次官補が昼から会見,2.0,1,ヒル 次官補 が 昼 から 会見,ヒルジカンホガヒルカラカイケン
ババァもバーバリー,2.0,1,ババァ も バー バリー,ババァモバーバリー
大和田獏と賭博,2.0,1,大和田獏 と 賭博,オオワダバクトトバク
北海道が・・・どっか移動！！,2.5,2,北海道 が どっか 移動,ホッカイドウガドッカイドウ
周富徳のシュート見とく！,3.8,9,周 富 徳 の シュート 見 とく,シュウトミトクノシュートミトク
難問なら何問でも解くぞ！,2.5,2,難問 なら 何 問 でも 解く ぞ,ナンモンナラナンモンデモトクゾ
千葉市が血走る！,1.5,2,千葉 市 が 血走る,チバシガチバシル
母子家庭の煮干し、固ぇ！,3.6,3,母子 家庭 の 煮干 し 固 ぇ,ボシカテイノニボシシカタぇ
融和のこと言うわよっ,2.0,1,融和 の こと 言う わ よっ,ユウワノコトイウワヨッ
赤字のカジノ,2.5,2,赤字 の カジノ,アカジノカジノ
うんこの味はウン、この味だ,3.0,2,うん この 味 は ウン この 味 だ,ウンコノアジワウンコノアジダ
ジャッキーチェンが、オイルジャッキ、チェンジ,3.0,1,ジャッキーチェン が オイルジャッキチェンジ,ジャッキーチェンガオイルジャッキチェンジ
ウラジミールのうなじ見～る,3.0,2,ウラジミール の うなじ 見る,ウラジミールノウナジミル
ジョーブ博士はもう大丈夫,2.0,2,ジョーブ 博士 は もう 大丈夫,ジョーブハカセワモウダイジョウブ
恵那はええなぁ～,3.0,1,恵那 は ええ なぁ,エナワエエナァ
このバス、虚無僧で混むそうだ。,2.5,2,この バス 虚無僧 で 混む そう だ,コノバスコムソウデコムソウダ
猛暑？もー、しょうがねーなー,2.0,1,猛暑 も ー しょうが ねー なー,モウショモーショウガネーナー
ウーハー買ってウハウハ,3.0,1,ウー ハー 買っ て ウハウハ,ウーハーカッテウハウハ
洞爺湖サミットってどうや？,3.0,1,洞爺湖 サミット って どう や,トウヤコサミットッテドウヤ
サミー・ソーサの、寒い捜査。,4.0,1,サミーソーサ の 寒い 捜査,サミーソーサノサムイソウサ
孟宗竹の妄想,1.0,1,孟宗竹 の 妄想,モウソウチクノモウソウ
大田区のヲタク,3.0,1,大田 区 の ヲタク,オオタクノオタク
紙が・・・かみあわない！,2.0,2,紙 が かみあわ ない,カミガカミアワナイ
上履きが割れた！！うわっバキッ！！,2.0,1,上履き が 割れ た う わっ バキッ,ウワバキガワレタウワッバキッ
耳下腺炎・・・。時価千円！？,2.5,2,耳下腺炎 時価 千 円,ジカセンエンジカセンエン
総会・・・気分爽快！,2.5,2,総会 気分 爽快,ソウカイキブンソウカイ
東証株価・・・凍傷カブか？,2.5,2,東証 株価 凍傷 カブ か,トウショウカブカトウショウカブカ
みたらし団子を、見たらしい！,2.5,2,みたらし 団子 を 見 た らしい,ミタラシダンゴオミタラシイ
ラブレター！破れたー！！,4.0,2,ラブレター 破れ た ー,ラブレターヤブレター
カッター・・・なカッター！,1.5,2,カッター な カッター,カッターナカッター
この付近に、布巾ない？,2.5,2,この 付近 に 布巾 ない,コノフキンニフキンナイ
配置して・・・ハイ、チーズ！！,2.0,1,配置 し て ハイ チーズ,ハイチシテハイチーズ
すいません・・・。タバコは吸いません。,3.2,5,すいません タバコ は 吸い ませ ん,スイマセンタバコワスイマセン
梅雨入りしたとは、つゆ知らず・・・。,1.5,2,梅雨入り し た と は つゆ 知ら ず,ツユイリシタトワツユシラズ
とん汁を、疎んじる！,3.5,2,とん汁 を 疎ん じ る,トンジルオウトンジル
車が来るまで待てない！！,2.5,2,車 が 来る まで 待て ない,クルマガクルマデマテナイ
町内会長さんは、腸内快調！,3.8,15,町内 会長 さん は 腸 内 快調,チョウナイカイチョウサンワチョウナイカイチョウ
荒川区！洗濯物が、あら！乾く！！,4.0,5,荒川 区 洗濯 物 が あら 乾く,アラカワクセンタクブツガアラカワク
豊島区は年増ばかり？？,1.5,2,豊島 区 は 年増 ばかり,トシマクワトシマバカリ
貴重な書記長！,2.5,2,貴重 な 書記 長,キチョウナショキチョウ
草刈ったら、臭かった！！,2.5,2,草 刈っ たら 臭かっ た,クサカッタラクサカッタ
部屋のニオイを、消臭してから招集する！,2.5,2,部屋 の ニオイ を 消 臭 し て から 招集 する,ヘヤノニオイオショウニオイシテカラショウシュウスル
ノーと言えないノート！,2.0,1,ノー と 言え ない ノート,ノートイエナイノート
市長がビデオ試聴,3.0,1,市長 が ビデオ 試聴,シチョウガビデオシチョウ
録音してロックオン！,2.0,1,録音 し て ロックオン,ロクオンシテロックオン
ギンガムチェックで銀紙チェック,3.0,1,ギンガム チェック で 銀紙 チェック,ギンガムチェックデギンガミチェック
スパイダーマンはスパイだっ,3.0,1,スパイダーマン は スパイ だっ,スパイダーマンワスパイダッ
古紙と引越し！！,2.0,2,古紙 と 引越し,コシトヒッコシ
主婦も祝福,3.0,1,主婦 も 祝福,シュフモシュクフク
市街地に死骸,2.0,1,市街地 に 死骸,シガイチニシガイ
別件で呼ばれたベッケンバウアー,3.0,1,別件 で 呼ば れ た ベッケンバウアー,ベッケンデヨバレタベッケンバウアー
人生の岐路に立つキロロ,3.0,1,人生 の 岐路 に 立つ キロロ,ジンセイノキロニタツキロロ
埠頭で不凍液の不当取引,3.0,1,埠頭 で 不凍液 の 不当 取引,フトウデフトウエキノフトウトリヒキ
オシッコしたから、執行猶予！！,3.6,3,オシッコ し た から 執行 猶予,オシッコシタカラシッコウユウヨ
街頭の下には該当者なし！,2.5,2,街頭 の 下 に は 該当 者 なし,ガイトウノシタニワガイトウシャナシ
コショウしたから、故障したじゃないか！！,2.5,2,コショウ し た から 故障 し た じゃ ない か,コショウシタカラコショウシタジャナイカ
ソルベでヒゲ剃るべ？,3.0,1,ソルベ で ヒゲ 剃る べ,ソルベデヒゲソルベ
鉛は、なまりがヒドい！,3.0,1,鉛 は なまり が ヒド い,ナマリワナマリガヒドイ
交番で舞台を降板！,2.5,2,交番 で 舞台 を 降板,コウバンデブタイオコウバン
横須賀の横すか！？,1.5,2,横須賀 の 横 すか,ヨコスカノヨコスカ
アメコミには、飴込み。,3.0,1,アメコミ に は 飴 込み,アメコミニワアメコミ
汗かきすぎて、焦る！！,2.5,2,汗 かき すぎ て 焦る,アセカキスギテアセル
これを今日中に、教授に渡すこと！！,2.6,3,これ を 今日 中 に 教授 に 渡す こと,コレオキョウチュウニキョウジュニワタスコト
帽子で防止する！！,2.3,3,帽子 で 防止 する,ボウシデボウシスル
短大は、どこ行ったんだい？？,3.0,2,短大 は どこ 行っ た ん だい,タンダイワドコオコナッタンダイ
バレーの試合、がんバレー！,2.5,2,バレー の 試合 がん バレー,バレーノシアイガンバレー
あびる優がシャワーをあびる！,2.0,2,あびる 優 が シャワー を あびる,アビルユウガシャワーオアビル
メカのメカニズム！,1.5,2,メカ の メカニズム,メカノメカニズム
古いメカは、だめか？,2.5,2,古い メカ は だめ か,フルイメカワダメカ
諏訪に行ったんですわ！,2.5,2,諏訪 に 行っ た ん です わ,スワニイッタンデスワ
風邪も課税対象です！,2.0,2,風邪 も 課税 対象 です,カゼモカゼイタイショウデス
胃痛いと言いたい！,3.3,3,胃 痛い と 言い たい,イイタイトイイタイ
このパッチはうそっパチ,2.0,1,この パッチ はう そっ パチ,コノパッチハウソッパチ
セミの髪型、セミロング！,2.5,2,セミ の 髪型 セミ ロング,セミノカミガタセミロング
洗剤の潜在能力はすごい！,2.6,3,洗剤 の 潜在 能力 は すごい,センザイノセンザイノウリョクワスゴイ
真駒内は、まぁ混まない！！,3.0,2,真駒内 は まぁ 混ま ない,マコマナイワマァコマナイ
感動したから勘当だ！！,2.5,2,感動 し た から 勘当 だ,カンドウシタカラカンドウダ
田舎で、いい仲！,2.3,3,田舎 で いい 仲,イナカデイイナカ
教皇が強行採決,1.0,1,教皇 が 強行 採決,キョウコウガキョウコウサイケツ
北から来た,1.7,4,北 から 来 た,キタカラキタ
先生が宣誓,2.0,1,先生 が 宣誓,センセイガセンセイ
巫女のバルサミコ,4.0,1,巫女 の バルサミコ,ミコノバルサミコ
梅酒うめぇ！,2.0,1,梅酒 うめ ぇ,ウメシュウメぇ
健康な肩甲骨,2.0,1,健康 な 肩 甲骨,ケンコウナカタコウコツ
安倍はアベック,2.7,4,安倍 は アベック,アベワアベック
家内はおっかない,3.0,1,家内 は おっかない,カナイワオッカナイ
雑炊食ってたら増水,3.0,1,雑炊 食っ て たら 増水,ゾウスイクッテタラゾウスイ
稚内に、わっ家内がいる！！,3.5,2,稚内 に わっ 家内 が いる,ワッカナイニワッカナイガイル
時計が壊れた！「ほっとけぃ！！」,2.5,2,時計 が 壊れ た ほっとけ ぃ,トケイガコワレタホットケぃ
オタマが、おったまげた！！,2.5,2,オタマ が おっ た まげ た,オタマガオッタマゲタ
「野口英世に殴られた！ 野口ひでぇ～よ！」,3.4,5,野口 英世 に 殴ら れ た 野口 ひで ぇよ,ノグチヒデヨニナグラレタノグチヒデぇよ
このカレンダー、可憐だ！,2.5,2,この カレンダー 可憐 だ,コノカレンダーカレンダ
手稲は、丁寧！！,3.5,2,手稲 は 丁寧,テイネワテイネイ
ホコリだらけで、誇りに思います。,2.5,2,ホコリ だらけ で 誇り に 思い ます,ホコリダラケデホコリニオモイマス
「手帳見ちゃった！ 許してちょう！！」,2.5,2,手帳 見 ちゃっ た 許し て ちょう,テチョウミチャッタユルシテチョウ
アイスを愛する人！,3.0,3,アイス を 愛する 人,アイスオアイスルヒト
花瓶が割れて過敏になる！,3.5,2,花瓶 が 割れ て 過敏 に なる,カビンガワレテカビンニナル
カムチャツカに来て着火,4.0,1,カムチャツカ に 来 て 着火,カムチャツカニキテチャッカ
チヂミ食ったら縮みました。,2.0,1,チヂミ 食っ たら 縮み まし た,チヂミクッタラチヂミマシタ
バスに乗って飛ばす！！,2.5,2,バス に 乗っ て 飛ばす,バスニノッテトバス
アテント履いて、あっ！転倒！！,3.5,2,アテント 履い て あっ 転倒,アテントハイテアッテントウ
炭は隅に置けない！,2.5,2,炭 は 隅 に 置け ない,スミワスミニオケナイ
貝料理食ったら、かいぃ～の！,2.5,2,貝 料理 食っ たら かい ぃの,カイリョウリクッタラカイぃの
店を見せびらかす！,2.5,2,店 を 見せびらかす,ミセオミセビラカス
岐阜からギフトが届いた！！,3.0,2,岐阜 から ギフト が 届い た,ギフカラギフトガトドイタ
福井の服いい！！,2.5,2,福井 の 服 いい,フクイノフクイイ
ジューシーな食感を重視！,3.6,3,ジューシー な 食 感 を 重視,ジューシーナショクカンオジュウシ
佐賀を探してたんだよ！！,2.5,2,佐賀 を 探し て た ん だ よ,サガオサガシテタンダヨ
砂で汚すな！,2.5,2,砂 で 汚す な,スナデケガスナ
あさりを、あさりに行こう！,3.0,1,あさり を あさり に 行こ う,アサリオアサリニイコウ
ジャッキーが邪気払い,2.0,1,ジャッキー が 邪気 払い,ジャッキーガジャキハライ
ジョージの昼の情事,3.0,1,ジョージ の 昼 の 情事,ジョージノヒルノジョウジ
豪華なゴーカート！,2.5,2,豪華 な ゴー カート,ゴウカナゴーカート
根室で、眠ろう！！,3.0,2,根室 で 眠ろ う,ネムロデネムロウ
ゲーリーは朝から下痢,2.0,1,ゲーリー は 朝 から 下痢,ゲーリーワアサカラゲリ
舞妓の麻衣子のマイコン,3.0,1,舞妓 の 麻衣子 の マイコン,マイコノマイコノマイコン
後藤ん家のご当地グルメ,4.0,1,後藤 ん 家 の ご 当地 グルメ,ゴトウンイエノゴトウチグルメ
栗をクリックすると痛い,1.0,1,栗 を クリック する と 痛い,クリオクリックスルトイタイ
舞子の仕事が舞い込んだ,3.0,1,舞子 の 仕事 が 舞い込ん だ,マイコノシゴトガマイコンダ
介護の会合,2.0,2,介護 の 会合,カイゴノカイゴウ
ジェシカ歯科,2.0,1,ジェシカ 歯科,ジェシカシカ
新婦が神父と新譜をリリース,2.0,1,新婦 が 神父 と 新譜 を リリース,シンプガシンプトシンプオリリース
近藤氏のコンドーム,2.0,3,近藤 氏 の コンドーム,コンドウシノコンドーム
古墳に興奮,3.0,1,古墳 に 興奮,コフンニコウフン
先頭に立って銭湯で戦闘する,2.0,1,先頭 に 立っ て 銭湯 で 戦闘 する,セントウニタッテセントウデセントウスル
オラのオーラ,1.0,1,オラ の オーラ,オラノオーラ
支那はしなしな,3.0,1,支那 は し なし な,支那ワシナシナ
傘で、かさばる,2.0,1,傘 で かさばる,カサデカサバル
端午の節句でタンゴ,3.0,1,端午 の 節句 で タンゴ,タンゴノセックデタンゴ
損したジョンソン,2.0,1,損 し た ジョンソン,ソンシタジョンソン
家裁が火災,3.0,1,家裁 が 火災,カサイガカサイ
泉ピンコにピンコ立ち,4.0,1,泉 ピンコ に ピンコ 立ち,イズミピンコニピンコタチ
奇抜な騎馬戦,2.0,1,奇抜 な 騎馬 戦,キバツナキバセン
グンゼの軍勢,3.0,2,グンゼ の 軍勢,グンゼノグンゼイ
とうとう父さんにトートバッグ,3.0,1,とうとう 父さん に トートバッグ,トウトウトウサンニトートバッグ
お寺のテラス,3.0,1,お寺 の テラス,オテラノテラス
ロスで荷を降ろす,3.0,1,ロス で 荷 を 降ろす,ロスデニオオロス
葛飾区では、カツしか食わない。,3.0,2,葛飾 区 で は カツ しか 食わ ない,カツシカクデワカツシカクワナイ
ライターで、腹痛（はらいた）,3.0,1,ライター で 腹痛 はらい た,ライターデハライタハライタ
シメを楽しめ,3.0,1,シメ を 楽しめ,シメオタノシメ
デスノートですの。,4.0,1,デスノート です の,デスノートデスノ
鰤とブリトー,3.0,1,鰤 と ブリ トー,ブリトブリトー
すっぽん鍋のスポンサー,2.0,1,すっぽん 鍋 の スポンサー,スッポンナベノスポンサー
二日酔いは、普通かよ！,3.0,1,二日酔い は 普通 か よ,フツカヨイワフツウカヨ
インドに引導,3.0,1,インド に 引導,インドニインドウ
新世代シンセだいっ,3.0,1,新 世代 シン セ だ いっ,シンセダイシンセダイッ
韓国に勧告,3.0,1,韓国 に 勧告,カンコクニカンコク
胃炎が癒えん,2.0,1,胃炎 が 癒え ん,イエンガイエン
調味料で、超魅了！,3.0,1,調味 料 で 超 魅了,チョウミリョウデチョウミリョウ
官庁で浣腸,3.0,2,官庁 で 浣腸,カンチョウデカンチョウ
フーミンは不眠,3.0,1,フー ミン は 不眠,フーミンワフミン
トンガで、おとんが、とんがる,3.0,1,トンガ で おと ん が とんがる,トンガデオトンガトンガル
明石で赤潮,2.0,1,明石 で 赤潮,アカシデアカシオ
至るところで、イタルタス通信,3.0,1,至る ところ で イタルタス 通信,イタルトコロデイタルタスツウシン
井原はいい腹,3.0,1,井原 は いい 腹,イハラワイイハラ
数万も、すまん・・・,4.0,1,数 万 も すまん,スウマンモスマン
福田副大臣,3.0,1,福田 副 大臣,フクダフクダイジン
昨日は機能してたのに,2.0,1,昨日 は 機能 し て た のに,キノウワキノウシテタノニ
五木ひろしの思いつき,3.0,2,五木 ひろし の 思いつき,イツキヒロシノオモイツキ
池へ行けっ,2.0,1,池 へ 行け っ,イケヘイケッ
ティッシュを撤収！！,2.0,1,ティッシュ を 撤収,ティッシュオテッシュウ
マイカーだけど、まぁいいか～？,3.0,2,マイカー だ けど まぁ いい か,マイカーダケドマァイイカ
「1点の差!? 何、言ってんのさ!!」,3.7,9,1 点 の 差 何 言っ て ん の さ,1テンノサナンイッテンノサ
インコでも淫行,2.0,1,インコ で も 淫行,インコデモインコウ
電話代の話題,3.0,1,電話 代 の 話題,デンワダイノワダイ
ブラジルで豚汁,2.0,1,ブラジル で 豚汁,ブラジルデトンジル
ヒマだから肥満になる,2.0,1,ヒマ だ から 肥満 に なる,ヒマダカラヒマンニナル
同期がいるから動悸がする！,3.0,2,同期 が いる から 動悸 が する,ドウキガイルカラドウキガスル
太陽見てたら、目が痛いよう！,3.0,2,太陽 見 て たら 目 が 痛い よう,タイヨウミテタラメガイタイヨウ
道徳の問題を、どう解く？,2.5,2,道徳 の 問題 を どう 解く,ドウトクノモンダイオドウトク
「江戸っ子だ！」「えっ？どこ？？」,2.6,3,江戸 っ子 だ えっ どこ,エドッコダエッドコ
スナックで砂食う！,1.5,2,スナック で 砂 食う,スナックデスナクウ
バーで、いないいないバー！！,1.5,2,バー で い ない い ない バー,バーデイナイイナイバー
回転十字架で「開店１０時か！！」,3.5,2,回転 十字架 で 開店 １ ０ 時 か,カイテンジュウジカデカイテンイチゼロジカ
いなり寿司の、言いなり！,2.7,4,い なり 寿司 の 言いなり,イナリスシノイイナリ
鳥栖市でトスして！！,2.5,2,鳥栖 市 で トス し て,トスシデトスシテ
地井武男の地位！,2.5,2,地井 武男 の 地位,チイタケオノチイ
ウレタンは売れたん？,2.6,5,ウレタン は 売れ た ん,ウレタンワウレタン
浦和で裏技披露！,3.5,2,浦和 で 裏 技 披露,ウラワデウラワザヒロウ
ＡＵは英雄だ！！,2.0,1,Ａ Ｕ は 英雄 だ,エイユーワエイユウダ
携帯で髪の毛挟んで毛、痛い！！,4.0,1,携帯 で 髪の毛 挟ん で 毛 痛い,ケイタイデカミノケハサンデケイタイ
紅一点が、こう言ってんだろ！！,3.0,1,紅一点 が こう 言っ て ん だろ,コウイッテンガコウイッテンダロ
消火できたでしょうか？？,3.3,3,消火 でき た でしょ う か,ショウカデキタデショウカ
セーター見せーた！,2.0,1,セーター 見せ ー た,セーターミセータ
政治家のメシは、ソーセージか？,3.0,1,政治 家 の メシ は ソーセージ か,セイジカノメシワソーセージカ
村長の意見を尊重しよう！！,2.0,1,村長 の 意見 を 尊重 しよ う,ソンチョウノイケンオソンチョウシヨウ
ニセの老舗！,3.0,1,ニセ の 老舗,ニセノシニセ
海産物買って解散！！,2.0,1,海産物 買っ て 解散,カイサンブツカッテカイサン
栄作さんの、えぇ作品！！,3.0,1,栄作 さん の え ぇ 作品,エイサクサンノエぇサクヒン
効率良く、凍り付く・・・,3.6,3,効率 良く 凍り付く,コウリツヨクコオリツク
政府のセーフティーガード,2.0,1,政府 の セーフティー ガード,セイフノセーフティーガード
ごくせんが苦戦する,3.0,1,ごく せん が 苦戦 する,ゴクセンガクセンスル
チューインガムに注意,3.0,1,チューインガム に 注意,チューインガムニチュウイ
国名を克明に記す,2.0,1,国名 を 克明 に 記す,コクメイオコクメイニシルス
コンゴ共和国の今後について,3.0,1,コンゴ 共和 国 の 今後 について,コンゴキョウワコクノコンゴニツイテ
浦賀の裏が崩れた,2.0,1,浦賀 の 裏 が 崩れ た,ウラガノウラガクズレタ
青木が、あ、起きた,1.0,1,青木 が あ 起き た,アオキガアオキタ
白書読んでハックション,2.0,1,白書 読ん で ハックション,ハクショヨンデハックション
捨てられたステファニー,2.0,1,捨て られ た ステファニー,ステラレタステファニー
ギャラリーのギャラいくら？,3.0,1,ギャラリー の ギャラ いくら,ギャラリーノギャライクラ
オカンがお燗,3.0,1,オカン が お 燗,オカンガオカン
刑事の掲示板,2.0,1,刑事 の 掲示板,ケイジノケイジバン
色々な異論,3.0,1,色々 な 異論,イロイロナイロン
団塊世代の段階,2.0,1,団塊 世代 の 段階,ダンカイセダイノダンカイ
既知の基地,2.0,1,既知 の 基地,キチノキチ
入荷した途端に乳化,3.0,1,入荷 し た 途端 に 乳化,ニュウカシタトタンニニュウカ
高官を交換,2.0,1,高官 を 交換,コウカンオコウカン
オカンの悪寒,3.0,1,オカン の 悪寒,オカンノオカン
ナイロンへ異論,2.0,1,ナイロン へ 異論,ナイロンヘイロン
バイトはヤバいと思う,3.0,1,バイト は ヤバ いと 思う,バイトワヤバイトオモウ
セイロン島で正論,3.0,1,セイロン 島 で 正論,セイロントウデセイロン
伊藤園に遠縁の親戚がいる,3.0,1,伊藤園 に 遠縁 の 親戚 が いる,イトウエンニトオエンノシンセキガイル
天職に転職した,3.0,2,天職 に 転職 し た,テンショクニテンショクシタ
男同士でどうしよう・・・,2.0,1,男 同士 で どう しよ う,オトコドウシデドウシヨウ
高齢化社会での恒例行事,2.0,1,高齢 化 社会 で の 恒例 行事,コウレイカシャカイデノコウレイギョウジ
結婚式後に血痕発見,2.0,1,結婚式 後 に 血痕 発見,ケッコンシキゴニケッコンハッケン
ジダンが示談,3.0,1,ジダン が 示談,ジダンガジダン
ジジィの時事論議,2.0,1,ジジィ の 時事 論議,ジジィノジジロンギ
デブの出不精,3.0,1,デブ の 出不精,デブノデブショウ
消化しようか？,3.0,1,消化 しよ う か,ショウカシヨウカ
渡辺が割った鍋,3.0,3,渡辺 が 割っ た 鍋,ワタナベガワッタナベ
ダッシュで奪取せよ,3.0,1,ダッシュ で 奪取 せよ,ダッシュデダッシュセヨ
遠くからトーク,2.5,2,遠く から トーク,トオクカラトーク
次郎をいじろう！,3.0,1,次郎 を いじろ う,ジロウオイジロウ
周富照が、シュート見てる！！,3.8,5,周 富 照 が シュート 見 てる,シュウトミアキラガシュートミテル
あいのりで、さぁ祈り！,3.0,1,あ いのり で さぁ 祈り,アイノリデサァイノリ
武者がムシャムシャ・・・,1.5,2,武者 が ムシャムシャ,ムシャガムシャムシャ
至急、子宮の検査が必要です,2.0,1,至急 子宮 の 検査 が 必要 です,シキュウシキュウノケンサガヒツヨウデス
新宿アルタからリアルタイムで,3.0,1,新宿 アルタ から リアルタイム で,シンジュクアルタカラリアルタイムデ
田んぼを探訪,2.0,1,田んぼ を 探訪,タンボオタンボウ
軍資金で米軍失禁,4.0,1,軍資金 で 米 軍 失禁,グンシキンデベイグンシッキン
段違いにいい団地,3.0,1,段違い に いい 団地,ダンチガイニイイダンチ
容姿は西洋式です,3.0,1,容姿 は 西洋 式 です,ヨウシワセイヨウシキデス
