犬が、居ぬ。,2.0,2
『柴犬は、絶対しばけん !! 』,2.0,2
ネコが、寝込んだ！,2.6,3
熊を、かくまう！,2.5,2
猿が、去る。,1.0,1
虎が、Try !!,3.0,3
白鳥が吐く、腸 !!,2.0,3
ミミズの、飲み水！,3.0,3
船乗りのフレンドシップ !!（ship）,2.5,2
『このワイヤーは、卑猥やー !! 』,2.0,2
軍人さんが、ヒゲ剃るジャー !!（soldier）,3.0,4
ホコリは、出すときりがない。（dust）,3.0,2
酸素は、大きい資源だ !!（oxygen）,3.5,2
梱包図を、compose !!（構図する）,3.0,2
援助交際でエンジョイ！,1.5,2
捺印は、ナッツイン !!,4.0,1
欧米に、obey せよ !!（従え）,3.0,2
寺院で買った、ジーンズ !!,3.0,4
18禁の、18金ネックレス !!,1.0,1
ニット帽で、日当10000円。,3.0,1
このミカンは、まだ未完成 !!,4.0,2
このキノコは、生き残りかっ !!,1.0,1
栗、喰いまくり!!,1.5,2
レバー食べれば ? ,1.5,2
皿うどんをかっさらう、ドン。,1.0,1
ソーセージを食う、双生児 !!,2.0,1
ぜんざいを、全財産で買う !!,2.0,1
納豆食うのは、納得いかん !!,1.5,2
うおーっ、鯛が食べたい !!,1.0,1
仁義無きジンギスカン !!,3.0,3
スイカは安いか ? ,1.0,1
おにぎりで、鬼斬り ！！,2.0,2
豆は、箸ではつまめん。,1.0,1
ハッカが、自然発火 !!,3.0,1
カラメルソースを絡める,2.0,1
重水素入りジュース。,1.0,1
ワインが怖いん？,3.0,2
ビールを頭から、浴び〜る !!,4.0,1
利休も、たまにはリキュール！,3.6,3
森高千里、背水のジン！,4.0,1
Ａ：『あそこの料理屋、魚食べ放題らしいぜ。』Ｂ：『フッ、まさかな・・・。』,3.3,3
食堂の常連客：『あれっ ? タカナピラフなんて、あったかなぁ ? 』,3.0,1
女子高生Ａ：『朝食って、これだけ？』女子高生Ｂ：『超〜ショック !! 』,3.3,6
イランは、手に入らん !!,1.0,1
インド製のブラインド !!,2.5,2
オランダには誰もおらんだ !!,3.0,2
カナダ人の、酒のサカナだ !!,1.0,1
キューバを、緊急爆破？！,2.5,2
Ａ：『タイに行きたい !! 』Ｂ：『・・・痛い目に遭うぜ !! 』,1.0,1
このチャイナドレス、ちょっとちっちゃいな。,3.6,5
朝鮮旅行に、初挑戦 !!,1.0,1
このドイツ人と、同一人物！,1.0,1
トルコの、スペースシャトル工場 !!,1.0,1
ナイジェリアは、無いじぇりあ !!,1.0,1
ブラジル特製の、油汁 !!,1.0,1
フランスでは、雪は降らんス !!,2.0,2
メキシコ人の、メッキ志向 !!,4.0,2
ロシアに、ろ紙在り !! ,2.5,2
Ａ：『あいつ、パリに行ったらしいぜ。』Ｂ：『やっぱり、そうか・・・。』,2.0,1
イヌイットのペットは、犬1頭。,3.8,8
Ａ：『東南アジアでは、盗難に注意！』Ｂ：『えっ？　それって、本当なん？』,1.0,2
『関税は、払わなあかんぜー !! 』,2.0,1
『南海電車は、何か、いいぃ〜〜っ !! 』,3.6,8
『釧路に行くなら、早くしろ !! 』,4.0,1
『秋田は、もう飽きた !! 』,1.0,2
『福島で、降伏します・・・。』,2.0,1
千葉で、落ち葉拾い。,2.0,1
奈良人の、歯並び。,3.0,3
島根の年増姉さん。,2.0,1
『軟骨、何個ついてる・・・ ?! 』,3.0,3
内臓が、無いぞう！,2.0,2
ブスのギブス！,3.0,1
心肺機能が、心配だ・・・。,3.0,1
板東英二の、バンドエイジ。,4.0,1
ドナーが見つかればいいけどなぁ・・・。,3.0,1
湿布を貼り合う、フレンドシップ。,4.0,1
『君、内科へ行かないか ?! 』,1.0,1
外科の上下関係,2.5,2
イカす、胃下垂。,3.0,2
女医と、エンジョイ。,3.8,7
Top Level の、突風 !!,1.0,1
『残暑って、何ざんしょ ? 』,2.0,1
猛暑のスローモーション !!,1.0,1
Ａ：『あんた、運送会社の人 ? 』Ｂ：『うん、そう。』,3.0,4
Ａ：『この荷物、配送して下さい。 』Ｂ：『はい、そうですか。』,3.3,3
弁護士が、便後、死・・・。,3.2,4
牧師の趣味は、ボクシング !!,3.0,3
『教会に行くのは、今日かい？』,2.0,2
『板前さん、しばらくそこに居たまえ。』,3.5,7
『ボクサーは、僕さ！』,1.0,1
ダンサーの優柔不断さ・・・。,2.0,1
週６で収録！,2.3,3
『代数幾何、大好きか ?! 』,3.0,2
『地理は、バッチリ !! 』,3.0,5
東芝の、凍死ババァ！！,3.0,2
アーノルド・手話ルツネガー,3.0,2
ニコラス刑事,2.0,2
レオナルド・刑事プリオ,1.5,2
『電子レンジにチャレンジ !! 』,1.0,1
細胞研究用サイボーグ !!,2.0,2
ドラムは、うちのドラ息子。,2.0,1
Ａ：『山田君が、山で遭難したらしいな・・・。』Ｂ：『・・・そうなん・・・? 』,1.0,1
馬車が、池にバシャッ !!,1.0,1
えんま大王特製「煙幕」!!,1.0,1
ガキの、能書き !!,2.5,2
子供　　　　：『おばあちゃん、なんでメガネかけてるの ? 』おばあちゃん：『あたしゃ目がねぇ・・・・。』,2.5,2
『先祖の供養なんか、誰もせんぞ !! 』,2.7,4
『バインダーがないと、ヤバいんだ〜！』,3.0,6
『このイスは、使い過ぎ !! 』,2.5,2
欧州から、押収。,2.6,3
『強制送還、今日せぇや !! 』,3.0,3
Ａ：『やっぱり、盗難防止には、カギをかけるに限る !! 』Ｂ：『しかし、泥棒にカギのありかを嗅ぎ付けられたらやばいぜ !! 』,2.5,2
ホウキを、放棄 !!,1.0,1
『コンドルは乗客いっぱいで、混んどるのう・・・。』,1.0,1
カビに対して過敏症！,2.0,1
『電話は、誰もでんわ・・・。』,3.0,2
カニは、必ずどこかにいる。,1.5,2
『このタイヤ、買いたいヤツいる ? 』,1.0,2
『トイレに行っといレ !! 』,2.0,2
凡才の、盆栽 !!,2.0,1
幽霊の言う、例 !!,2.0,1
クズ山が、崩れる !!,1.0,1
コンパで、疲労困憊 !!,2.8,5
中傷企業,2.0,1
『早く旋回せんかい !! 』,3.4,10
テントで、店頭販売 ！！,2.7,4
世界中の怪獣 !!,2.6,3
解読書は、お買い得 !!,3.0,1
ランプを持って、知らんぷり !!,3.0,1
『一億円は、一応食えん !! 』,3.0,2
『柱の上を走らないこと !! 』,2.0,1
『トロイカは、とろいか ? 』,2.0,1
令嬢の、逮捕令状 !!,2.0,1
コケシの、ズッコケシーン !!,1.0,1
『塗装を、落とそう !! 』,2.0,2
『下駄箱に何が入ってるかな・・・・・ ?　げっ、タバコだっ !! 』,3.0,2
フェンスで、ディフェンス !!,2.5,2
『オレ、大使になりたいしー・・・。』,2.0,2
寄生虫は、ただいま帰省中 !!,3.4,5
剣山を持って、『ただいま見参 !! 』,1.0,1
『ヒーターで、風邪ひいた !! 』,1.0,1
『タデ食う虫、本当にいたで！』,2.5,2
『四天王、何してんの〜（怒）』,3.5,4
魅入られたミイラ !!,2.0,1
ガスを探す。,1.0,1
『廊下で走ろうか ? 』,2.5,2
ホースで、放水 !!,3.0,2
『ナットの締まりが、なっとらん !! 』,3.5,2
『くない喰らうと、痛くない ? 』 ,2.7,4
『ブレーカーは、無礼か ? 』,2.0,1
『家賃の滞納は、避けたいのう・・・。』,3.1,7
『サンデーは、誰にも渡さんでー !! 』,2.0,2
Ａ：『おまえ、それは邪道やろ・・・。』Ｂ：『じゃ、どうすりゃいいんだ ? 』,3.0,3
地雷に対する、恥じらい。,3.0,2
防弾直帰！,2.6,6
拉致しても、ラチがあかん！,2.7,4
エレベーターガール「ご利用回数は？」客「初めてです。」,2.4,5
北前船に、乗りに来たまえ。,3.0,3
若泉さんとは、和解済み。,3.5,6
『どう見ても中年やっちゅうねん！』,3.3,6
ネギを値切る,3.0,3
お食事券で汚職事件,3.6,8
カエルがひっくり返る！,2.5,10
美容師は、とんとんびょうし！,1.0,5
栗の木をくりぬいた,3.0,1
モノレールにも、乗れ〜る〜！,3.6,5
副操縦士は服装重視。,4.1,55
妹をイモウトコントロールする,1.0,3
「お父さん、イカが怒ってるよ！」「なに!?そりゃイカんなぁ」,2.5,2
我がママは、ワガカマだ！,3.5,2
イケアに行けや！,3.0,1
女子付きの除湿器,3.3,3
豆板醤の当番じゃん！,3.0,1
コチジャンは、こっちじゃん！,2.6,3
本がおぼれてブックブック,3.2,5
ワックスをかけた　　　　わ〜〜〜クスクス,3.5,2
ステルスを捨てるッス！,2.5,2
あったかいものは、あったかい?,3.0,1
父さんは、ここを通さん,2.0,1
パパラッチが、パパ拉致！,2.0,1
宅間伸が愛用している、美味しいご飯を炊くマシーン！,2.0,1
ラーメン屋でトウバンジャンを見て ふと思った！やばい……今日、掃除当番じゃん！,2.0,1
ドコモの携帯置き忘れた、どこも探したけどないよ,1.0,1
寄せ書きするのよせ、ガキ！,3.6,12
ラルクのHYDEが お笑いに目覚めた………パチパチパチパチ「はい、どうも〜！」,3.0,1
中曽根総理を、泣かそうね！,3.5,4
中州で泣かす！,3.0,1
スパイのスパイク,2.0,1
小中一貫校で、焼酎行くか？,2.0,1
マカオで真顔,3.0,1
阿部零士のアベレージ,3.5,4
ボードで暴動！,2.7,4
クリステルが、ビックリしてる！,2.7,4
Wiiはとっても初々しい！,2.5,2
産婆がサンバ！,3.0,1
BECKがアベック！,3.0,1
新庄の心情・・・,2.5,2
セロのマジック、辞めさせろ！,3.5,2
天ぷらを添付らー！,1.0,1
丸刈りでマルガリータ,4.0,2
amadanaのアマだな？,3.0,3
スタン・ハンセンが、反戦！,2.6,3
Dojaは、どうじゃ？,2.5,2
マクロスは、真っ黒ッス！,3.0,2
オーク材のオークション,2.0,1
大会に行きたいかい?,2.0,1
毛根は、もう来ん・・・,3.7,4
区内にもう居たくない,3.8,7
南海に、何回行くの?,2.0,1
銭湯で戦闘するな!!,2.0,1
この鳥、捕りにくい,1.0,1
トルコを撮る子,3.0,1
ゴミの醍醐味,4.0,1
大差をつけたいさ,3.0,2
蕎麦で、遊ばせろ！,2.0,1
スガシカオの顔は、清々しぃ顔！,3.8,6
レミオ路面,2.0,1
U2が、憂鬱！,3.0,1
ABBAが、暴れ出す！,4.0,1
大佐に大差！,2.0,1
缶が噛んだ！,1.0,1
アルミ缶の上にあるミカン,3.2,7
メイヤはオレの姪やねん!,3.0,1
神田うのが、噛んだ!,3.0,1
ロンリーな論理,2.5,2
内科に行っても意味ないか。,2.0,1
添乗員、天井いんの？,2.0,2
久保のエクボ,2.8,5
万年床に、してまんねん！,3.0,2
タクシーで、ご飯炊くし〜,2.8,6
胃炎を起こした、オブライエン。,3.0,4
マナー違反の、炊飯ジャー,3.0,1
仏は、放っとけ！,2.0,1
ホーチミンで、放置プレイ！,2.6,3
江戸のエドウィン,3.0,1
神社でジンジャーエール,3.0,1
NASAの切なさ・・・,2.5,2
プロのポリスが、プロポリス！,2.0,2
商いは、飽きない？,3.0,1
ヒゲを卑下！,2.0,1
湖面でコメント,3.0,3
イルカは居るか？,1.0,2
ゲリラで下痢ら〜,3.0,1
鑑定したら、アカンって〜,3.0,1
バイトがbite（噛む）,2.0,2
総理がsorry...,1.5,2
総理が、ヒゲ剃〜り〜,2.5,2
稲葉がイナバウアー,2.5,2
飛鳥が来るのは、明日か？,2.5,2
刑事が、お出でか？,3.0,3
導火線を、どぅかせんと〜（どうにかしないと）,3.2,5
地価の安い地下１階は近いかい？,2.0,1
新庄が、一身上の都合により復帰！,4.0,1
明智光秀が お餅を３つしかくれなかった！あ〜ケチッ！３つ？ ひでぇ〜,3.0,5
かせきさいだーは、過積載だー！,3.0,2
採光は、サイコー！,3.0,1
僕の家、変電所の近くにあるんだ。変でしょ？,3.6,3
コロンビアでは転びやすい。,3.6,3
Ａ：『今日は何曜日？？』Ｂ：『火曜日』Ａ：『ホントかよぅ〜〜』,3.8,7
そこのトマト、止まっといて＾＾,3.3,6
Ａ：『車って英語でなんて言うんだっけ？』Ｂ：『Ｃａｒだよ』Ａ：『そっか〜〜』,3.0,4
ビリヤードのお前の順位はビリや〜ど〜！,3.0,1
店頭で転倒！,4.0,2
GIジョーの、慈愛じゃー！,3.0,1
Ａ「東海で倒壊！」Ｂ「それって本当かい？」,2.0,1
子機をコキ使う,4.0,1
お山の上で布団が吹っ飛んだ！！おやまぁ〜〜,2.8,6
漢字を書いて『おっ！いい感じ！！』,2.8,5
豪快に、泳ごうかい！,3.8,9
抹茶が余っちゃった,3.7,8
梨花が悪りぃんか？,3.0,2
グミの勝ち組,2.0,1
優香を誘拐,3.5,2
王女を、追うじょ〜,2.5,2
廊下が老化,3.0,1
爆弾を担いで踊る バックダンサー！,4.0,1
野球部、嫌々休部,3.0,1
デパートでパートリーダーを決める,1.0,1
鶴を釣る,2.0,1
ジョンが、字ょんでる!!（読んでる）,3.0,1
バンコクでは、屁を晩こく,2.0,3
テイトウワの、抵当は？,3.6,5
comb（コーム／くし）で、公務執行妨害！,3.0,1
209iで、求愛！,3.0,3
エアーズロックの図録,3.5,2
暗黒卿が、アンコ喰う、今日。,3.0,2
美女のビジョン,3.0,1
菊菜のことは聞くな！,4.0,1
動詞がわからない、どうしよう・・・,3.0,1
お金は、おっかねー,2.5,2
寺を照らす,2.5,2
牛をぎゅうぎゅうに詰める,2.0,1
市都県をそのままにしとけん,4.0,2
右にライトがある,2.0,1
腰を少しずらす,2.0,1
メーテルが、わめいてる！,3.8,5
少将、少々お待ちください。,3.0,1
ぶどう、１粒どう？？？,3.7,4
「ハングライダーにいつ乗ったの？」「1時半ぐらいだぁ!!」,3.0,1
鈍器を持ったドンキホーテ,2.7,4
筑波山に食いつくばぁさん,2.0,1
クリスタルで、栗擦ったる,3.1,7
委員会でウソをついていいんかい？,3.0,1
数あるカジュアルウェア,3.0,2
犬が喜んでワンダフル,3.0,3
コンビ二で出会った二人がコンビに！！,2.4,5
タクシーに乗るわたくしー,2.8,7
コンドルが、けつにツッコンドル！！！,2.6,3
引火してるけど、いいんか？,3.0,1
五月みどりのシャツ、黄緑！,3.8,7
色の色は色々な色だ。,2.0,2
俺のレンジはオレンジ,3.3,3
知事の縮れ毛,3.3,8
ダリは、踏んだり蹴ったり,3.6,3
古米を食いに行こまい！,3.0,1
鈴木京香が、すすぎ強化！,4.0,1
鈴木京香が来るのは、今日か？,3.0,1
作家の錯覚,3.0,1
千疋屋で、ドン引きや！,4.0,1
ベントで弁当,1.0,1
ユベントスで、湯弁当ッス！,3.3,3
プラレールで、振られーる！,3.0,2
バイオリンで、倍、降りん。,3.0,1
飲茶食べ過ぎた。や〜、無茶した。,4.0,1
イベントでいい弁当！！,3.5,2
手に酢で、テニス,3.0,1
ラクダが落第しません。,3.0,3
ゴルゴ13のゴルゴンゾーラ,3.5,2
素敵なステーキ,2.6,3
手紙書くの忘れたー（レター）,3.0,1
マトンを待っとんねん！,4.0,1
ケーキを買えば、景気がよい。,2.0,1
松任で余暇を全う！,2.0,2
もっとメールを求めーる ,3.0,1
メル友を、やめるとも！,4.0,3
FOMAのコストパフォーマンス,3.0,1
大木凡人がジェームス・ボンド,3.0,3
オシム監督が、口惜しむ・・・,4.0,1
チベットで、別途見積り,4.0,1
マリでニンマリ,4.0,1
ニトリで、ヤニ取り,4.0,1
ベッカムが、キャベツ噛む！,3.0,2
蟻ここにあり。,3.0,2
耳にタコが出来てしまった、イヤーね。,3.0,1
代弁しながら大便,3.0,2
最高裁には、朝行こう。,4.0,1
半ケツで判決！,3.0,2
岩盤浴でガンバ（死語）,3.3,3
山村でシャンソン,3.0,1
ゴキブリの動きぶり,3.8,23
湿原で失言・・・,3.0,2
丹後でタンゴ！,2.5,2
水中で爆睡中,4.0,1
湾口にいるワン公。,2.3,3
車道で牧師が、シャドーボクシング,3.0,2
歯科医の仕返しかい？,4.0,1
小学生は、生姜くせぇ！,3.2,4
ナイスじゃ無いっす・・・・,1.6,3
菓子付きの加湿器,4.0,2
氷菓子で高利貸し,4.0,1
備後でビンゴ！,3.0,1
バースとミス・ユニバース,3.0,1
福田家の掃除は、拭くだけ？,3.7,13
恋のできない鯉,2.6,5
馬はうまい。,2.0,1
打撲で死んだ僕。,4.0,18
あ、やや遅れてきたあややだ,3.0,2
アラスカを荒らすか？,3.4,5
細工したサイクロン掃除機,3.0,1
父さんが倒産,2.0,1
関与したらアカンよ〜,3.0,1
お尻が言った「我々は、割れ割れ！」,3.0,2
とっくりのトリック,3.5,4
マテ茶を飲んで待て！,3.0,1
叶姉妹は、化膿しまい・・・,4.0,3
広告塔を乞う黒糖,2.8,7
おかかがあるのは、丘か？,3.0,1
ガクトが、歯を磨くと？,3.0,1
ガクトの学党,3.0,1
ゴレンジャーのメシは、ナシゴレンじゃー！,4.0,1
バースがリバース,3.3,3
漆器で失禁,3.0,1
陶器を不法投棄,3.0,1
ストーブがすっ飛ぶ,3.0,3
カシスソーダで仮死しそうだ！,3.3,3
鬼太郎が来たろう？,3.0,1
新庄の新常識！,3.5,2
アゲアゲの唐揚げ,3.0,1
ゲイの一発芸,3.0,2
汁物を知る者,3.0,1
自遊時間に行って、もう10時間・・・,4.0,1
リストバンドして、リスとバンド,3.1,9
空腹なので食う服,2.3,3
海外で食べる貝がいい！,4.0,2
プリンセス天功は、破天荒！,4.0,1
佐川急便がお騒がせしました。,2.5,4
ブリのブリーフ,3.0,1
三田さんが見たサンタ,3.0,1
バスケットの試合に馬場助っ人,3.7,4
ウランは売らん！,2.0,2
大仏見学行って、だいぶ疲れた・・・,3.0,1
ジャイアン死んじゃいやぁん,2.6,3
忍者は何人じゃ？,3.0,1
オットセイを谷から落っとせい！,3.0,1
ぼっちゃんが池に落ちてボッチャン！,3.0,1
チーズに地図を書く,2.0,1
オーマイのスパゲッティのソースはうますぎて、オーマイゴッド！！,2.0,1
三鷹市で見た菓子,3.0,1
やかんを蹴ットルんじゃない！！,3.0,1
鍵の取り忘れに気ぃつけてぇ。,3.0,1
家内のまかない,3.0,1
マッカランは、まからん。,3.0,1
俺、メガネには目がねぇ。,2.0,1
ニシンの二審判決,2.5,2
ガムをがむしゃらに噛む,2.5,2
チーターがお山からおっこちーたー,1.6,5
校長、今日も絶好調！！,2.7,4
箸が走った。,1.5,2
華麗なる加齢臭,3.5,4
井の頭線に乗ればいいのかしら？,3.0,1
"迷子になったよ・・・Oh,マイゴッド",3.0,1
お嬢、王城で立ち往生,3.0,1
大分で転んだよ・・・お〜痛っ！,3.0,1
演歌を歌って、ホンマにえぇんか?,3.0,1
鬼太郎の映画ができたろう？,3.6,3
タミフルを、振る,3.5,2
宝くじが、また空くじ,3.0,1
宝生舞からの報奨米,4.0,1
角さんの格差社会,3.0,1
ビリーとのんびり,2.0,1
葉加瀬太郎を、吐かせたろう？,3.0,2
バッキンガム宮殿で、罰金！,3.0,1
異臭がIssue,3.0,1
立てこもりで立てもっこり,3.0,1
今日の料理は京料理,3.5,2
ダサい服を下さい,3.5,2
カスミソウを見ていると目がかすみそう,3.0,1
クリスマスにプレゼントをお贈り済ます,3.0,1
キウイが徒競走をするといっつも９位.....。,3.0,1
私のみかんが３日間、見っかんない・・・,3.5,2
波多陽区にようく似てる。,2.0,1
メロンを食うキャメロン・ディアス,4.0,1
ルパンが好きなロールパン,3.2,4
「ドキンちゃん、そこをどきんちゃい！」,3.0,1
九州を急襲,3.0,1
九州を吸収合併,3.0,1
ボンドまみれのジェームス・ボンド,3.5,2
サムネイル表示見て「寒い。寝る。」,2.0,1
サムネイルで、サム、寝入る・・・,3.0,1
カクテル好きな人が蚊、食ってる,3.0,1
テロだ！よう〜く見てろ,3.5,2
インコグニートがニート生活,3.0,1
タン塩の探傷試験,2.0,1
カリブ海で頬被りかい？,3.0,1
いなりが倍だよ！　バイナリ！,3.0,1
九官鳥は図書館の旧館長,3.5,2
美容師さんが病死,3.0,1
三条市に参上した,3.0,1
ホエールが吼える,3.0,1
川崎麻世も迷う,4.0,1
ヒグラシはその日暮らし,3.0,1
暇つぶしにひつまぶし,3.0,1
１０００回旋回した。,3.0,2
マッチ貸して？Thank you very マッチ！！,3.5,2
美沙ちゃんとミサに出掛ける,3.0,1
シャイな社員,3.0,2
急須・・・。万事休す！！,2.0,1
乾燥する時期に、歓送迎会！,3.0,1
焼肉、焼きにくい！！,2.7,4
石灰。おせっかい！！,3.0,1
シラスが何かを知らす。,3.5,2
箱、８個,3.2,4
箒（ほうき）を放棄します。,2.5,2
腸カタルについて語る,2.0,1
しょこたんはショタコン,3.0,1
猛者でも、もっさもさ,3.0,1
産休サンキュー！,3.0,2
ヒル次官補が昼から会見,2.0,1
ババァもバーバリー,2.0,1
大和田獏と賭博,2.0,1
黄桃から応答,2.5,2
北海道が・・・どっか移動！！,2.5,2
周富徳のシュート見とく！,3.8,9
難問なら何問でも解くぞ！,2.5,2
千葉市が血走る！,1.5,2
小島で、こぢんまり・・・。,2.5,2
母子家庭の煮干し、固ぇ！,3.6,3
融和のこと言うわよっ,2.0,1
赤字のカジノ,2.5,2
うんこの味はウン、この味だ,3.0,2
ジャッキーチェンが、オイルジャッキ、チェンジ,3.0,1
ウラジミールのうなじ見〜る,3.0,2
ジョーブ博士はもう大丈夫,2.0,2
恵那はええなぁ〜,3.0,1
このバス、虚無僧で混むそうだ。,2.5,2
猛暑？もー、しょうがねーなー,2.0,1
ウーハー買ってウハウハ,3.0,1
洞爺湖サミットってどうや？,3.0,1
サミー・ソーサの、寒い捜査。,4.0,1
孟宗竹の妄想,1.0,1
大田区のヲタク,3.0,1
紙が・・・かみあわない！,2.0,2
上履きが割れた！！うわっバキッ！！,2.0,1
耳下腺炎・・・。時価千円！？,2.5,2
総会・・・気分爽快！,2.5,2
東証株価・・・凍傷カブか？,2.5,2
みたらし団子を、見たらしい！,2.5,2
ラブレター！破れたー！！,4.0,2
カッター・・・なカッター！,1.5,2
この付近に、布巾ない？,2.5,2
配置して・・・ハイ、チーズ！！,2.0,1
すいません・・・。タバコは吸いません。,3.2,5
梅雨入りしたとは、つゆ知らず・・・。,1.5,2
とん汁を、疎んじる！,3.5,2
車が来るまで待てない！！,2.5,2
町内会長さんは、腸内快調！,3.8,15
荒川区！洗濯物が、あら！乾く！！,4.0,5
豊島区は年増ばかり？？,1.5,2
貴重な書記長！,2.5,2
草刈ったら、臭かった！！,2.5,2
部屋のニオイを、消臭してから招集する！,2.5,2
ノーと言えないノート！,2.0,1
市長がビデオ試聴,3.0,1
録音してロックオン！,2.0,1
ギンガムチェックで銀紙チェック,3.0,1
スパイダーマンはスパイだっ,3.0,1
古紙と引越し！！,2.0,2
家庭科で作ったお菓子、固ぇ〜か？,2.5,2
主婦も祝福,3.0,1
市街地に死骸,2.0,1
別件で呼ばれたベッケンバウアー,3.0,1
人生の岐路に立つキロロ,3.0,1
埠頭で不凍液の不当取引,3.0,1
オシッコしたから、執行猶予！！,3.6,3
街頭の下には該当者なし！,2.5,2
コショウしたから、故障したじゃないか！！,2.5,2
ソルベでヒゲ剃るべ？,3.0,1
鉛は、なまりがヒドい！,3.0,1
交番で舞台を降板！,2.5,2
横須賀の横すか！？,1.5,2
アメコミには、飴込み。,3.0,1
汗かきすぎて、焦る！！,2.5,2
これを今日中に、教授に渡すこと！！,2.6,3
帽子で防止する！！,2.3,3
短大は、どこ行ったんだい？？,3.0,2
バレーの試合、がんバレー！,2.5,2
あびる優がシャワーをあびる！,2.0,2
メカのメカニズム！,1.5,2
古いメカは、だめか？,2.5,2
諏訪に行ったんですわ！,2.5,2
風邪も課税対象です！,2.0,2
胃痛いと言いたい！,3.3,3
このパッチはうそっパチ,2.0,1
セミの髪型、セミロング！,2.5,2
洗剤の潜在能力はすごい！,2.6,3
真駒内は、まぁ混まない！！,3.0,2
感動したから勘当だ！！,2.5,2
田舎で、いい仲！,2.3,3
教皇が強行採決,1.0,1
北から来た,1.7,4
先生が宣誓,2.0,1
巫女のバルサミコ,4.0,1
梅酒うめぇ！,2.0,1
健康な肩甲骨,2.0,1
禿の励まし,2.0,1
安倍はアベック,2.7,4
家内はおっかない,3.0,1
雑炊食ってたら増水,3.0,1
稚内に、わっ家内がいる！！,3.5,2
時計が壊れた！「ほっとけぃ！！」,2.5,2
オタマが、おったまげた！！,2.5,2
「野口英世に殴られた！ 野口ひでぇ〜よ！」,3.4,5
このカレンダー、可憐だ！,2.5,2
手稲は、丁寧！！,3.5,2
ホコリだらけで、誇りに思います。,2.5,2
「手帳見ちゃった！ 許してちょう！！」,2.5,2
アイスを愛する人！,3.0,3
花瓶が割れて過敏になる！,3.5,2
カムチャツカに来て着火,4.0,1
チヂミ食ったら縮みました。,2.0,1
バスに乗って飛ばす！！,2.5,2
アテント履いて、あっ！転倒！！,3.5,2
炭は隅に置けない！,2.5,2
貝料理食ったら、かいぃ〜の！,2.5,2
店を見せびらかす！,2.5,2
岐阜からギフトが届いた！！,3.0,2
福井の服いい！！,2.5,2
ジューシーな食感を重視！,3.6,3
佐賀を探してたんだよ！！,2.5,2
砂で汚すな！,2.5,2
あさりを、あさりに行こう！,3.0,1
ジャッキーが邪気払い,2.0,1
ジョージの昼の情事,3.0,1
豪華なゴーカート！,2.5,2
根室で、眠ろう！！,3.0,2
麻布でザブ〜ン,3.0,1
ゲーリーは朝から下痢,2.0,1
舞妓の麻衣子のマイコン,3.0,1
後藤ん家のご当地グルメ,4.0,1
久留米のグルメ,2.0,1
栗をクリックすると痛い,1.0,1
舞子の仕事が舞い込んだ,3.0,1
介護の会合,2.0,2
ジェシカ歯科,2.0,1
新婦が神父と新譜をリリース,2.0,1
近藤氏のコンドーム,2.0,3
古墳に興奮,3.0,1
先頭に立って銭湯で戦闘する,2.0,1
オラのオーラ,1.0,1
支那はしなしな,3.0,1
傘で、かさばる,2.0,1
端午の節句でタンゴ,3.0,1
損したジョンソン,2.0,1
家裁が火災,3.0,1
泉ピンコにピンコ立ち,4.0,1
ELLEで萌える,3.0,1
奇抜な騎馬戦,2.0,1
グンゼの軍勢,3.0,2
とうとう父さんにトートバッグ,3.0,1
お寺のテラス,3.0,1
ロスで荷を降ろす,3.0,1
葛飾区では、カツしか食わない。,3.0,2
ライターで、腹痛（はらいた）,3.0,1
シメを楽しめ,3.0,1
デスノートですの。,4.0,1
鰤とブリトー,3.0,1
鳩の鉄道員（ポッポや）,3.3,3
すっぽん鍋のスポンサー,2.0,1
二日酔いは、普通かよ！,3.0,1
中華でちゅか?,3.6,3
インドに引導,3.0,1
新世代シンセだいっ,3.0,1
韓国に勧告,3.0,1
胃炎が癒えん,2.0,1
調味料で、超魅了！,3.0,1
官庁で浣腸,3.0,2
フーミンは不眠,3.0,1
トンガで、おとんが、とんがる,3.0,1
10日に投下,2.0,1
明石で赤潮,2.0,1
至るところで、イタルタス通信,3.0,1
井原はいい腹,3.0,1
数万も、すまん・・・,4.0,1
福田副大臣,3.0,1
昨日は機能してたのに,2.0,1
五木ひろしの思いつき,3.0,2
池へ行けっ,2.0,1
ティッシュを撤収！！,2.0,1
マイカーだけど、まぁいいか〜？,3.0,2
「1点の差!? 何、言ってんのさ!!」,3.7,9
インコでも淫行,2.0,1
電話代の話題,3.0,1
ブラジルで豚汁,2.0,1
ヒマだから肥満になる,2.0,1
同期がいるから動悸がする！,3.0,2
太陽見てたら、目が痛いよう！,3.0,2
道徳の問題を、どう解く？,2.5,2
「江戸っ子だ！」「えっ？どこ？？」,2.6,3
スナックで砂食う！,1.5,2
バーで、いないいないバー！！,1.5,2
回転十字架で「開店１０時か！！」,3.5,2
いなり寿司の、言いなり！,2.7,4
鳥栖市でトスして！！,2.5,2
地井武男の地位！,2.5,2
ウレタンは売れたん？,2.6,5
浦和で裏技披露！,3.5,2
ＡＵは英雄だ！！,2.0,1
携帯で髪の毛挟んで毛、痛い！！,4.0,1
紅一点が、こう言ってんだろ！！,3.0,1
消火できたでしょうか？？,3.3,3
セーター見せーた！,2.0,1
政治家のメシは、ソーセージか？,3.0,1
村長の意見を尊重しよう！！,2.0,1
ニセの老舗！,3.0,1
海産物買って解散！！,2.0,1
栄作さんの、えぇ作品！！,3.0,1
江原はええ腹しとんなぁ！,3.0,1
宮田さんと見合った,2.0,1
効率良く、凍り付く・・・,3.6,3
政府のセーフティーガード,2.0,1
ごくせんが苦戦する,3.0,1
チューインガムに注意,3.0,1
国名を克明に記す,2.0,1
コンゴ共和国の今後について,3.0,1
3日に見っかった,2.0,1
7日なのか？,2.5,2
8日に何か用か？,2.0,1
おおっと、ここで嘔吐かぁ？,3.5,2
浦賀の裏が崩れた,2.0,1
青木が、あ、起きた,1.0,1
白書読んでハックション,2.0,1
捨てられたステファニー,2.0,1
ギャラリーのギャラいくら？,3.0,1
オカンがお燗,3.0,1
刑事の掲示板,2.0,1
色々な異論,3.0,1
団塊世代の段階,2.0,1
既知の基地,2.0,1
入荷した途端に乳化,3.0,1
高官を交換,2.0,1
オカンの悪寒,3.0,1
ナイロンへ異論,2.0,1
バイトはヤバいと思う,3.0,1
セイロン島で正論,3.0,1
蕎麦の相場,3.0,1
伊藤園に遠縁の親戚がいる,3.0,1
天職に転職した,3.0,2
男同士でどうしよう・・・,2.0,1
高齢化社会での恒例行事,2.0,1
結婚式後に血痕発見,2.0,1
ジダンが示談,3.0,1
ジジィの時事論議,2.0,1
デブの出不精,3.0,1
消化しようか？,3.0,1
渡辺が割った鍋,3.0,3
ダッシュで奪取せよ,3.0,1
ベッドで別途ご相談,2.0,1
遠くからトーク,2.5,2
次郎をいじろう！,3.0,1
周富照が、シュート見てる！！,3.8,5
あいのりで、さぁ祈り！,3.0,1
武者がムシャムシャ・・・,1.5,2
至急、子宮の検査が必要です,2.0,1
新宿アルタからリアルタイムで,3.0,1
田んぼを探訪,2.0,1
軍資金で米軍失禁,4.0,1
段違いにいい団地,3.0,1
容姿は西洋式です,3.0,1
みのも、実は未納,3.0,1
養父は使用不能,3.0,1
夏木マリに、なつきます。,3.0,1
武豊に、丈言ったか？,3.0,2
スミスをみすみす取り逃がした,3.0,1
理沙がリサイクルに来る,3.0,1
岩国はいわく付き,2.0,1
水戸黄門でも見とこう。文句ある？,3.0,1
裸婦がピラフ,3.0,1
海苔がノリノリ,2.0,1
桑田が加わった,3.0,1
オッサンのお産,3.0,1
慰安旅行はイヤン,3.0,1
貴社の記者は汽車で帰社しました,3.0,3
絢香人気にあやかりたい,3.0,1
ＫＯＫＵＹＯ、ぶっこくよ！！,3.0,1
扶養家族は不要です？？,3.3,3
刑事が掲示板に書き込み！！,2.0,1
八戸で蜂の屁かまされた！！,3.0,1
みなさん、洒落たシャレ言いますね！！,1.0,1
カセットを、ちょっと貸せっと！！,1.0,1
源頼朝に、皆もっと寄りとも！！,3.0,2
ネコの根っこ！！,2.0,1
片面で固めんで！！,3.0,1
瓦屋根は、変わらない！！,2.0,1
校長の、胡蝶蘭！！,2.5,2
校長に、コチョコチョする！！,3.6,3
菊蔵の話、聞くぞう！！,3.0,1
乾杯して完敗！！,2.0,1
ダンボールと暖房、売る！,3.5,2
面白いから尾も白い！！,3.0,1
月曜日にゲッツ！！,3.0,1
ダンサー、段差に気をつけろ！！,2.0,1
階段で怪談話！！,2.0,1
カラスが木を枯らす！！,2.5,2
「体内吸収？ もったいない！」,3.0,1
違法だけど、いい方に・・・。,3.0,1
真下から来ました！！,3.0,1
林間学校にリンカーン参上！,2.5,2
笑点見て、昇天！,3.0,2
コクヨに、宣戦布告よ！,3.0,1
ジャイアンと慰安旅行,3.0,1
給食食って休職！,2.0,1
ホテルで熱る,1.5,2
冷気でブレーキ,2.0,1
東芝の投資場！,3.0,1
甲子園の復興支援,2.0,1
吉川晃司の実家は工事,4.0,1
聖子ちゃんカット成功！,3.0,1
三重県、まる見え！！,3.5,2
ＴＯＫＩＯと時を越す！,2.0,1
タカヨさん、またかよ！,3.0,1
ミラーで見ら〜れた！！,2.0,1
先公が線香！！,2.0,1
太田さんはオータム！！,2.0,1
スイカの種おちてる！きたねぇー！！,2.0,1
卓球しながら宅急便！！,2.2,4
吸盤は９番です！,1.0,1
南蛮は何番ですか？,2.0,1
おしんこ食って出発進行！！,2.0,1
古田が腕をふるった！！,2.0,1
優香がどう言うか・・・,3.0,1
鯵の味がする！,2.0,1
ＫＡＴ−ＴＵＮに、勝つん！！,2.5,2
牛の後ろめたい気持ち。,2.0,1
地検といえば愛知県！！,3.0,1
席替えしたけど、この席がえぇ！,3.0,1
イナバウアーに驚く稲葉「ウワァ〜！！」,3.0,1
梨花の隣家は？,3.0,1
あんたと安泰！！,2.0,1
野田なのだ！,2.0,1
「糸貸して？」「いーとも！」,3.0,1
数あるカジュアルブランドの中で,2.0,1
奥菜恵は、漬け置き舐め組,4.0,1
レジで切れ痔,2.0,1
部落バスで、ブラックバス釣り,3.0,1
頭領に、投了。,2.0,1
イワンの馬鹿が、K1！,3.0,1
ラベルは、選べる！！,2.0,2
ノマネコは、飲まねぇ子！！,3.0,1
「捜査するの？」「あぁ、そうさ！」,2.0,1
タコ、食べたことない・・・,3.0,2
イクラは幾ら？,2.6,3
カンパし合って、カンパチ。,2.3,3
ジュード・ロウが、中トロ。,2.5,2
中トロでは中途半端,3.3,3
あら汁にあらじ。,3.5,2
イカはいかが？,2.5,2
明日・朝より、さより。,2.5,2
鉄火でも食ってっか？,3.5,2
バイ貝は、2倍がいい。,3.5,2
大トロで、オートロック。,3.6,3
ブリは久しぶり〜,2.0,1
縁側で食べる、エンガワ。,2.0,2
真鯛は、ホンマ大好き,3.0,1
AB型は、海老。,2.0,1
ウニが言うには・・・,3.0,1
ヒラメの、ひらめき！,3.0,1
ゲソ食べて、ゲッソリ・・・,2.0,1
ゲソ食べると、ハゲそう・・・,3.0,1
アジを味わう。,2.0,2
ツナでは、切ない・・・,3.0,1
アワビと一緒に泡ビール,2.0,1
イワシで、いわしたろか？,3.0,1
〆鯖で、おしめ、さばく。,2.0,1
サーモンの査問委員会,2.0,1
白魚で、あしらう、王。,2.0,1
カジキで、家事禁止！,3.0,1
鈴木がスズキ,2.0,1
「岩ガキでいいわ、ガキ！」,2.0,2
カニだけは、堪忍・・・,2.0,1
シャコは車庫で食え！,3.0,1
牡蠣は、食欲かき立てる。,2.0,1
「サワラに触らんといて！」,3.0,1
ガリ食って強がり！,3.0,1
図工室でコケた！ズコッ！！,2.0,1
東急ハンズで投球練習！！,2.0,1
シーサーって美しーさー！！,2.0,1
岩手で祝ってくれ！！,2.5,2
客観的に見て却下！！,3.6,3
給料は、たったの９両！？,3.0,1
カラーインクが空になってる！！,2.0,1
江東区が高騰！！,2.0,1
彫刻で超濃くして！！,3.0,1
日大は何日だい？,2.0,1
帝京大学の提供でお送りします。,2.0,1
亜細亜大学にアジャコングがいる！！,3.0,1
成城大学は正常です。,2.0,1
先週、専修大学に行きました。,2.0,1
慶応義塾大学が４４秒ＫＯ！！,2.0,1
肉まん食ったからって、憎まんでくれよ！！,3.0,1
データーが出たーーーーー！！,2.0,1
シューがしぼんでく！！プシュ〜〜〜！,2.0,1
モツを持つ,2.0,1
この衣装、いいっしょ〜！！,2.0,1
小田急に、おっ！打球が！！！,3.5,2
白髪なんか、知らんがな！！,3.0,1
寝台特急で死んだ、伊藤久右衛門（きゅうえもん）,4.0,1
換気扇、換気するのに換気せん！！,3.0,1
チョークをなくして、超くやしい（＞−＜）,3.3,3
死んだ医者のせた寝台車。,3.5,8
タクシーは、広尾で拾おう。,3.0,1
丸の内で決まる農地,3.0,1
後楽園では、コーラ食えん！,2.5,2
品川の足長は・・・,3.0,1
赤坂で食べるのは、ドリアか魚。,2.0,1
ヨークシャーテリアの照り焼き,3.0,1
明石市で、タネ明かししよう。,3.0,1
ヤクザな薬剤師,3.0,1
嫁の余命,2.0,1
姑のシュート、めり込む。,3.0,1
コブコロ見て、喜ぶクロちゃん,3.0,1
嫁は、空気読め！,2.0,1
悪りぃんやけど、割印頼むわ。,3.0,1
デモでもやるか！！,2.5,2
ナンは何で出来ている？？,2.0,1
農家・・・イエスか？ノーか？,3.0,1
迷彩柄の明細書,2.0,1
上に行くから、ウエイク・アップ！！,3.0,1
災難にあったのは、サイなんです。,2.0,1
「粗品もらおう！」「そーしなさい。」,2.0,1
宮殿に給電！,2.0,1
先週、楽だった千秋楽！,3.0,1
過労じゃなかろう・・・,2.0,1
お灸の応急処置,2.0,1
カルキ持って、ズラかる気？,3.0,1
中村獅童が始動する！！,2.0,1
ズラが、ずらーっと並んでいる,2.0,1
小ネタで、だだこねた。,3.0,1
校庭が凍っている。,4.0,1
メイクをリメイク！,2.0,1
早急に送球しなさい！！,2.0,1
リコーダー吹ける子は利口だー！,2.0,1
小松くん、困っちゃうな！,2.0,1
民家でテレビ見んか？？,2.0,1
ヒルマン監督は、怯まん！！,2.5,2
４ドルで買ったエロ本、読んどる？？,4.0,7
１０日に手紙を投函！！,2.0,1
ニューヨーク製の入浴剤！,2.0,1
シャベルが、しゃべる！！,2.0,1
房総半島で暴走するなよ！！,2.0,1
銚子で調子こくな！！,2.0,1
ゆずのＣＤ譲る！,2.0,1
餅食う？？もちろん！！,2.0,1
モナカは、もう無か！,3.0,1
婿が向こうに行く！,2.0,1
コップの中にスコップが！！,2.0,1
島下さんが何かしました。,2.0,1
成田君みたいに、なりたかった。,3.0,1
なますは、生っす！！,2.0,1
マツキヨは、いつまでも待つ気よ！,3.9,13
全身タイツで、１歩前進！,2.0,1
カナダ行ったのは加奈だ！,2.0,1
恵庭市の、えぇ庭師。,4.0,1
赤坂で何か忘れ物した！あっ傘か！！,3.0,1
アキバの秋場所,1.5,2
長崎では、名が先じゃ！！,3.3,3
上戸彩のウエットティッシュ！,2.0,2
アニータさんに、兄居た！,3.0,1
メイドの服はオーダーメイド！,2.0,1
高知県の拘置所,1.5,2
座間に住んでいるんざます。,2.0,1
天丼食う天童よしみ！,3.0,1
優良だから有料！,1.6,3
コウダクミの曲を聴く江沢民,3.0,1
あんたは、アンタッチャブル！,3.0,1
九畳の球場！,3.0,1
成田君みたいに、なりたくなかった・・・,4.0,2
戦に行くさ！！,2.2,4
役所広司の誓約書！,3.0,1
期末テストは１００点に決まってる！,3.0,3
ステッチなんか捨てちまえ！,3.0,1
マイナーな人が言った「コレうまいなー！」,3.0,4
小森君が、ひきこもり？？,3.0,1
服部さんがポスターを貼っとります。,2.5,2
モーターが作動してしも〜た！！,2.0,1
さくらさんが錯乱！！,2.0,1
ベッキーの件は別記します。,2.5,2
転校してきた引田天功！,2.0,1
ミミガーに、耳がない！！,2.0,1
メジャーなんか、目じゃない！,2.0,1
マイナスイオンで、旨い茄子、いい女。,2.0,2
羽子板が動いた！,2.0,1
高知のコーチ,2.0,1
土佐に行ったとさ,2.0,1
讃岐では、エサ抜き！,3.0,1
TOKIOが困った時、O人事！,3.0,1
SMAPが、出すマップ。,3.0,1
マナカナのマナは、島流し。,3.0,1
東大理一に、リーチ！,3.0,1
猪木が欲しいの、木。,2.0,1
天使がハイテンション！,1.5,2
堕天使の打点、下すぎ・・・,3.0,1
エルビス・プレスリーの、プレスリリース！,3.0,1
返事は、ストーンヘンジで。,3.0,1
アンコール・ワットで、あんこ売るWaT。,3.6,3
マチャアキが、抹茶飽きた・・・,4.0,2
ハニカミ王子の歯に、髪。,3.0,1
王子の好みは、オージービーフ。,2.0,1
カメルーンでは、鼻かめるん？,3.0,2
マリナーズに「渡辺満里奈」図,3.0,1
神殿で心電図,2.0,1
支店で何してんねん？,2.0,1
ISEKIに移籍,2.0,1
野口英世のグチ、ヒデーよ。,4.0,23
大地真央を抱いちまおう,3.5,4
経済波及効果→経済は急降下！！,2.0,1
三ツ矢サイダーの中に三つ野菜だー！！,4.0,1
ヤクルトスワローズの試合は、座ろうず！！,3.0,1
尿検は、臭うけん！！,2.0,1
オカンが王冠集めてる・・・,3.0,1
織田哲郎を煽て釣ろう,3.8,5
猫が寝込んだ。,3.0,2
サタデーナイトは正気の沙汰でーない！,3.5,2
スーパー銭湯の占有率、数％,3.5,4
地中海で、ミンチ仲介。,3.0,1
ポモドーロ食べるホモ、道路に。,3.0,1
ボーカルは、棒カルビ。,3.0,1
平石の避雷針。,2.0,1
銘菓は、うめぇか？,3.0,1
ジャーナリストが「じゃぁな！」,2.0,1
腹這いで、ララバイ。,2.0,1
雲海見れるのは、運かい？,2.0,1
美空ひばりが、味噌ラーメン。,2.0,1
ルービックキューブで、休部。,3.0,1
甘味を抑えた、天海祐希。,2.0,1
大使の体脂肪,2.0,1
シケインで死刑,3.0,1
西川のりおの、リオ・デ・ジャネイロ。,1.3,3
ブタの角煮を確認,3.5,2
日経連に、痙攣・・・,3.0,1
尾瀬で会おうぜ！,2.0,1
上高地で、髪、硬直！,3.0,1
COACHのバッグで、コーチ、バク転,3.0,2
タイガーマスクの屋台が〜,3.0,1
スカを聴くんスか？,1.5,2
連打でレンダリング,3.0,1
A型向きの映画だ,2.0,1
カマロで気持ちが高まろう,3.0,1
シボレーで、乳搾れ〜！,4.0,1
コルベットは、肩こるベッド。,3.0,1
キャデラックに乗ると、元気やで、楽！,4.0,1
MINIを、見に行こう！,2.0,1
アウディに合うDカップ,3.0,1
ジャガーで食べる、肉じゃが！,2.0,1
彼らのカレラ,2.0,1
プジョーに乗った、ストリップ嬢。,3.8,6
ルノーは、よう走るのう・・・。,3.3,3
メタルなんか、辞めたるわ！,3.0,1
浮浪者のワークフロー,2.0,1
ダイアリーの話題あり,3.0,1
ランクスに乗ってトランクス,2.0,1
宅麻伸を叩くマシン,3.0,1
ランボーは乱暴,2.0,1
金属の勤続年数！,2.0,1
カレーは甘口でも、かれぇ〜！！,1.0,1
助走をつけて女装しよう！！,2.0,1
オイルで老いる！！,2.0,1
伊賀で、いがみ合い。,2.0,1
天然ボケやって言うてんねん！,3.0,1
教官には、共感できない・・・,3.0,1
飢餓に、気がある・・・,2.0,1
アシカが足かせに・・・,2.0,1
椎名林檎は、嬉しいな。,3.0,1
旭川市では、朝、氷川氏。,2.0,1
小樽で、遭うたるで！,3.0,1
函館土産は、箱だけ・・・,3.0,1
ニセコ人は、妙にセコい。,2.0,1
クッチャロ湖で、メシ食っちゃろう！,3.0,1
宗谷でオシッコ漏れそうや・・・,3.0,1
網走でABBA、尻ぬぐい。,3.0,1
帯広で、OB披露！,3.8,6
阿寒湖では、アカン子。,2.0,1
然別（しかりべつ）で、歯科、離別・・・,3.0,1
倶多楽湖で食う、タラコ。,3.0,1
知床の司令塔,2.0,1
痴漢の価値観,3.0,1
ロハスな、アロハっす。,3.0,1
北見市から来た、ミシン。,3.0,1
又下調整、待たしたな！,3.0,1
踊るマハラジャ、観客まばらじゃ,2.5,2
かなりやらしい鳥の正体、カナリヤらしい,3.3,3
カナリヤは、かなりヤダ！！,3.0,1
危害のない巻貝,3.0,1
TRACYと、霊視。,3.0,1
イスカンダルで、椅子噛んだる！,3.3,3
お兄さんの遺産,3.0,2
BONOが、ほのぼの・・・,2.0,1
チェコアニメで「智恵子・兄め！」,3.0,1
伴宙太「き…貴様今、何ちゅうたー！！」,3.0,2
マウンテンで車運転,3.0,1
つくね、熱くね？,3.0,1
床屋さんの性別は？おとこやー！！,3.0,1
昆虫なんて、来んちゅうねん！！,3.0,1
紅茶が凍っちゃった！,2.3,3
明智光秀からアメ３つ！あっケチ３つ？ひでぇ！！,3.4,13
あたりめ美味い！あったりめーよ！,3.0,1
アラを洗っちゃだめ！！,2.0,1
有馬さんが驚いた！あっりまぁ！！,2.0,1
アルミが、あるみたい！,1.5,2
おかずアワビだけ？あぁ、わびしい！,2.0,1
衛星は不衛生！,1.5,2
英和辞典って、えぇわ！！,3.5,2
液晶？え〜キショイ！！,3.0,1
えんどう豆で、ハッピーエンドー！！,2.0,1
エリートの襟糸、ほつれてる！！,3.0,1
塩素の円相場！,2.1,6
おめぇの汚名を、はらしてやる！！,2.0,1
表参道の、重てぇサウンド！,3.0,1
最終回は、採集会です。,3.0,1
帯広で、帯拾う！,2.0,1
武藤さんは無糖！,2.0,1
ハーゲンダッツ食ったらハゲんだっつーの！,3.0,1
箱根に、箱ねぇよな！,2.0,1
祇園で擬音語,2.0,1
族に会ったせいで寒気がしたよ…ゾクッ,2.0,1
太郎と一緒に語ろう！！,2.6,3
田中の家行ったら、棚からぼたもち,3.0,1
濃い恋来い,2.0,1
サンタカタリナで、サンタ語りな！,3.0,1
セコイアは、セコいや！,2.0,1
ヨセミテで、寄席見て！,3.0,1
ヨーダに何の用だ？,3.0,3
コックの鎖国,2.0,1
音楽聴くとご恩が来るってさぁ〜,2.0,1
勝海舟の、カツ回収計画,3.6,6
「ハム買え」と言われたら歯向かえん,4.0,2
ベンゾウおじさん、変造ウォン持参,4.0,3
ロースを食うのは、苦労する。,3.0,1
牛テールを食っている。,3.0,1
サンタクロースの焼肉は、三択ロース,3.0,3
僕死ぬの、牧師さん？,3.0,1
夕刊に書いてあったこと今言うんか??,2.0,1
イタチの生い立ち,3.5,2
ジュードロウが、1日中ドローイング,3.0,1
根拠を根気よく探せ！,2.0,1
ウズベキスタンの、恥ずべきスタンス。,3.0,1
金正日、近所にいる,3.9,17
イラクでの快楽！,3.0,1
VISAで行くイビザ,2.0,1
家紋を持つ、馬鹿モン！,3.0,2
たけし君の背は、たけーし,2.0,2
同窓会、どうしようかい？,3.0,2
僕が幹事やったらみんなの気分はいい感じ〜♪,2.0,2
チョコをちょこっと食べた。,2.0,2
超過な釣果,2.0,1
クルド人が来るどー,2.0,1
玉置浩二、タマキン工事,3.3,3
患者が痴漢じゃ,3.0,1
打撲した！もうダメだボク・・・,3.0,1
チアガールが、立ち上がーる,3.8,6
メーテルが滅入ってる,3.0,1
靴下を発掘した,3.2,4
セメントで責めんとって,3.2,5
地味なシジミ,2.5,2
てんとう虫転倒、無視・・・,3.0,1
おじぎ草で、叔父、偽装！,3.2,5
ミス・ユニバースと、水湯にバース！,3.0,1
ケトルが、焼けとる・・・。,2.5,2
皮脂取りに、必死！,3.0,2
タイヤを蹴って痛いや！！,3.0,2
トウモロコシがコーンなにいっぱい,3.6,8
｢運動場で遊んでもいいですか？｣｢うん、どうじょ。｣,2.5,2
冷たいものを集めたい,3.0,1
マイケル・ジョーダンの冗談、まぁいける冗談,4.0,13
スパイク履いて、スーパー行く！,3.0,1
外科医・歯科医・内科医のうち、外科医しかいないかい,3.8,8
香里奈のオカリナ,3.0,1
ソーキそばを早期発見,3.0,1
いきなり、黄なり。,3.0,1
ゴルフ代をおごる、フセイン,3.0,1
俺モアイも愛してる,2.7,4
校長、座高チョー長い,2.8,6
大石多いし！！,2.6,3
ワカメは噛め,3.2,5
ハイテク技術が入ってくる,3.5,2
カタールについて語〜る。,2.5,2
ペレのオペレーション,3.0,2
牧師が打撲した。,3.0,1
回答欄に何も書いとーらん,2.6,3
下水道の下衆、移動,3.5,2
こたつの中でちんこ立つ,3.9,20
購買へ行こうばい,2.0,2
オードリーヘップバーンが、屁プバーン!!,3.0,1
タモリがいた森,4.0,7
高校生、親孝行せい!!,3.0,1
もやしは燃やして食べる！,2.0,1
栄養士さんは、えぇ容姿！！,3.0,3
モルモットの餌を皿に盛る！もっと！！,3.0,1
放送聴いて納得！ほぉ〜！そぉ〜なんだ！！,3.0,1
家なかったなんて、言えなかった！,3.0,1
湯のみが話した！「You know me ?」,4.0,2
ＪＡＬでごじゃる！,2.0,1
堀田さんが芋掘った！,2.0,1
生協で大盛況！！,2.0,1
ホタルを掘ったるで！！,2.0,1
ギターをギッタギタにする！,1.0,1
パイナップルがいっぱいなプール,3.0,3
一次関数を1時間する!,2.5,2
ガーターでスコアガッタガタだ,1.0,1
「野球やろう」「いや、急に言われても」,3.0,2
熊本県のなぞなぞは、熊も解けん。,3.6,6
教科書を今日貸しょ,3.6,3
戦車を洗車,3.0,1
ニューヨークで入浴,2.5,2
ランナーはいらんなぁ,3.0,1
ドナルドが怒鳴るど,3.0,1
人手不足のヒトデ,2.0,1
水戸黄門を見とこう!! 門で!!,3.0,1
首の部分がくびれてきた。,2.0,1
仙人が千人,2.0,1
カニがクラブ（Crab）に入った,3.5,2
予想はよそう,2.0,1
ロシアの殺し屋、恐ろしや・・・,3.5,4
爪切りを箱に詰めきりましたぜ。,2.0,1
マラカスで笑かす。,3.0,1
星団が分かれるのを防いだん?,2.0,1
「物まねばっかしてるけど、も〜飲まねーの?」,3.0,1
さて、砂鉄を集めるか。,2.0,1
明石●さんまは、三枚目。,2.0,1
商店で昇天。,2.0,1
見栄っ張りな三重県,2.0,1
火が、ひがむ,2.0,1
階段のにおいを嗅いだんです,3.0,1
マスカラをつけてますから,3.0,2
このブドウ一粒どう?,3.5,2
アラスカでくじを引いた。あら、スカ,3.3,3
モスクワに行けば腹もすくわ,3.5,2
サイダーのフタふさいだー!!!,3.3,3
石が…ストーンと落ちる!,2.0,1
レモンの入れモン,3.2,4
思い出は、とっても重いでぇ〜!,1.2,4
政調会長は、整腸快調!!,3.0,1
クール宅急便が、やって来〜る!,3.5,2
脳内のレントゲン見たら、脳無い!!,2.0,1
執刀に嫉妬,3.0,2
教頭は京都行ったの?いえ、東京都に行きました!,2.0,1
エサを運ぶぞ!エッサホイサ!,2.0,1
土曜に動揺!!,2.0,1
幼虫に要注意!!,2.0,1
ナイス・ガイの生きがい!,2.0,1
うんこくさい病院知ってる?うん、国際病院でしょ?,3.4,5
新弟子、舞うと死んでしまう,3.0,1
目で合図(eyes)!,2.0,1
鱈を垂らすな,2.0,1
この屋根や〜ね〜,2.0,2
困ったこま,2.0,1
温泉のチャンピオン選手権,1.5,2
戦闘機だけに先頭切る,2.0,2
バレー部さぼんのばれーんなよ!,2.0,1
オレンジは俺ん家で食べよう,2.0,1
初夏でしょうか?,3.0,1
ウキウキな雨期,2.0,1
敬老感謝の日は家に早くけいろう,2.0,1
喋るシャベル,2.0,1
レタスは食べられたっす,3.0,1
明治のイメージ,3.6,5
妖怪に用かい?,2.0,1
馬が穴に埋まった!,2.0,1
肩ロースについて語ろーっす!,4.0,1
煮物ってなにもの!?,3.0,1
みんな見んな!,2.0,1
言い訳していいわけ?,3.0,3
ダジャレでジャレ合う!,2.5,2
愛知で写真撮影!あい、チーズ!,2.0,1
・(ドット)は、どっと疲れる!,2.0,1
ドレス着てエンドレス!!,3.0,1
抹茶を食べて黙っちゃいな。,3.5,2
キティちゃんの服、きてぃい?,2.5,2
バスケット選手がバス蹴っとる,4.0,3
今、下に居ました!,2.0,1
黒色のマッキーでも真っ黄!,3.0,1
広陵高校の香料は、いい匂い!,2.0,1
香田さんの好打!!,2.0,1
長打うって、ちょうだい!,3.0,1
お店の中を、ちょっとお見せ!,3.0,1
カブールで水をかぶる!,3.0,1
バスガイドを置いてバスが移動！,3.7,4
三時に大惨事!!,2.0,1
世田谷に来て焦ったがや〜!,2.6,3
内田の家だ!,2.0,2
ハニーは歯にいい!,2.0,1
ウチは、うちわ好きでっせ！,2.0,1
戦場でおしりを洗浄。,3.0,1
紙を噛み噛み。,2.0,1
無理なソムリエ,3.0,1
ネタが出来ないから寝たいよぉ。,2.0,1
ばあちゃんが池に落ちた、ばっちゃ〜ん,2.0,1
内容がないよ〜,2.0,1
マネージャー、何のまねじゃー!,2.0,1
KANが缶をカンと叩いた。,2.0,1
これらはコレラ菌に冒された。,2.0,1
ヒラメがひらめいた!,3.0,1
登校中の投稿!,2.0,1
怪我したとこから毛が生えた!,2.0,1
これキット?きっとそうだよ!,2.0,1
名電の芽、出ん!!,2.0,1
レターが破れたー!,1.0,2
入れ歯と一緒に居れば??,2.0,1
寛大に見て関大!!,2.0,1
超難関なチョナンカン!,3.0,1
フンを踏んじゃった!!,1.5,2
瓜を売ります。,2.5,2
茨城県は、イバラ危険,3.0,1
西郷どんのシメは、最後うどん,3.2,4
パトラッシュが、パパとラッシュ!,3.0,2
仁義好かんジンギスカン!,4.0,1
ぶたが頭ぶった,2.0,1
ナイトは寝ないとダメ!!,2.0,1
メダカの、どこが目だか分からん!,3.0,1
荒井さん、あらイイ!!,2.0,1
肉のニックネーム,2.0,3
オゾンを温存!!,2.0,2
とっさに走り出す土佐犬!,3.0,1
桜井市の桜いいし!!,1.5,2
その声、とっても恐ぇ〜!!,2.0,1
タイヤは重たいや!,2.0,1
チョコの兆候!,2.0,1
恋人は濃いビートたけし!,3.0,1
もろこし持ったら、もろ腰にきた・・・。,3.7,4
チャーリー浜のチャリんこ!,2.0,2
TSUTAYAで、足つったや・・・,3.0,1
斉藤くんのサイト,1.5,2
社員はサンシャイン!,2.0,1
灯籠を、キミと売ろう!,3.0,1
杜仲茶 飲んでる途中じゃ!,3.0,1
砒素がひそかに潜んでいる??,2.0,1
イボンヌの、でかいイボ,1.5,2
19年度版の粘土板!,2.0,1
PL学園に通うピエール滝,1.5,2
ズラをズラすなよ!,2.0,1
空気を食う気か??,2.0,1
コーセーを構成,3.5,2
大金持って退勤!,1.5,2
スカンクは数字の9が嫌い!好かん9,2.0,1
ワイキキで、わい危機！,4.0,2
バイク場、行く,2.0,1
月曜日には何も本を読まんでー,3.6,3
川崎真夜、寝ずにマヨネーズ!,4.0,1
日曜の朝は早く起こさんでー,1.0,1
靴の理屈?,2.0,1
空にそら行け!,2.0,1
そっとした卒倒。,1.0,1
亀を噛め!,2.0,1
蜂を入れた鉢!,2.0,1
のろい呪い。,2.0,1
シマウマをしまう間。,3.0,1
田から出た宝!,3.0,1
生姜だけじゃじょうかない。,2.0,1
ドラマーのドラマ。,3.0,1
豚にぶたれた。,2.0,1
不格好なカッコウ。,2.0,1
おまえの家を言え!,2.0,1
袋を持ったフクロウ!,2.0,1
あなたの穴,2.0,1
港区民の皆と、クミン。,4.0,1
ナンバーワンの難波ワン子,2.0,1
納期待ちの、物置き。,3.0,1
スパイシーなのに、すっぱいし!!,3.5,2
10部で十分!!,2.0,1
コブクロの、たんこぶ黒っ!!,3.5,2
工藤静香の車は、駆動静か,4.0,2
ユニクロが言うに、黒らしい,3.5,2
今日と明日は、京都、飛鳥に行く,3.0,1
え?バイオリンの保険料が、倍おりんの?,4.0,1
内閣総理がオレ・・・それはないか、くそぅ,4.0,2
あれ、ジョーダンじゃない?・・・冗談じゃないよ,2.0,1
王様が寒い事言った・・・Oh〜サマー,2.0,1
千頭の暴れ馬の先頭が、戦闘した!,3.0,1
LOWSONの経営利益はLOW、損だぜ!,3.0,2
最後の晩餐だけに、最後延ばさん?,4.0,1
ほっか。移動先は、北海道か,2.5,2
宛名にアテナって合ってない?,3.0,1
林君の足、速し。,3.5,2
妄想は、もう、そうの辺で。,3.0,1
このガンダム、機動せんし!,3.6,3
懐かしいあのメンバーをリメンバー!,2.0,1
4時にヨウジと用事がある。,2.0,1
和梨を食べて、損はなし。,3.0,1
箱、分解して運ぶんかい??,1.5,2
維持するのは、とってもイージー!!,2.0,1
佃煮が付くんだにぃ!!,3.0,1
プリンのプリンス,3.0,1
マタタビがまた、旅にでる。,3.0,1
日産がニューCARを入荷したらしいぜ!兄さん,3.0,1
八女に行くのはやめてくれ〜,3.0,2
沖縄にはおーきな輪がある,3.5,2
ジャムおじさんジャムを持参,3.9,15
バンダナが黄ばんだな,3.3,3
キュートに給湯,3.0,1
敬老の日は家にけーろう(帰ろう),3.0,1
患者に関ジャニ,3.6,8
芸能界は、すげぇのう〜,3.0,1
キングがクッキング,2.0,1
コーナがんばっていコーナー,3.0,1
このトナカイは大人かい?,4.0,3
筑前煮食べたよ!直前に(ちくぜんに),2.0,1
シジクレイの指示くれい,3.3,3
ラスクだけじゃ、腹すく!,3.6,3
可能かのう?,2.0,1
ジャニーズと楽しいジャーニー!,3.0,1
すマネーけど金貸して!,3.0,1
金曜日のおかずはフライで〜〜,2.0,1
占いの本は売らないよ!,3.0,1
じゃがいもがポテッと落ちた,3.0,1
はらすが恨みをはらす!,1.5,2
はらすがセクシャルハラスメント!!,1.5,2
校則で拘束!,2.5,2
トーストを通すとどうなる??,2.0,1
ウンチクたれて、ウンチ喰う。,3.0,1
ヘチマが減っちまった!,2.5,2
森田健作をYahooで検索!,2.0,2
くだらないからスルーする?,2.0,1
槍と大砲盗んで、やりたい放題。,3.0,1
パラグアイ人の腹具合,4.0,1
この液体、ええ気体や,3.0,1
コード持って行動!!,3.0,1
スキー大好き〜!,2.5,2
井上陽水の胃の上、羊水。,4.0,1
今田耕司の家、いまだ工事中・・・,3.7,4
斜めに7メートル!,3.0,1
式典やるから、仕切ってん?,3.5,2
熊本には熊も通らない路がある,3.0,2
ボンカレーを暖めると、「ボン!」華麗な音がする,3.0,2
荒尾で皿を洗おう,3.6,3
幼稚園児は、要チェンジ!,3.5,4
中田翔のグッズなかったしょ〜〜!!,3.0,1
具をグッと入れろ,2.0,1
そのままのママは駄目なままだ,2.0,2
マクドナルドのクーポンをまく、ドナルド,3.0,2
車酔いからくる迷い,4.0,8
九州弁の吸収弁。,4.0,2
10$のヌードル,2.0,1
鳩のハットにハッとする,2.0,1
暮らしへクラシエ,2.0,1
勾玉が曲がったまま,2.0,2
食器が壊れてショッキング,2.0,1
SEAMOの下ネタ,2.0,1
サラダの皿だ,2.5,2
ジョーズ、海を泳ぐのがお上手！,2.0,1
この精米所は、せーまいじょ,4.0,1
魚の差かな?,2.0,1
替え刃を買えば?,3.0,2
田舎にいる奴はいい仲だ,3.0,1
ナタデココおいしくなったで〜!!,2.0,1
教育するから今日行く!!,2.0,2
せたな町で焦ったな!,3.0,1
刀に勝たないとダメ!,2.0,1
松野くんを、いつまでも待つの!,2.0,2
お菓子を食べたら、おかしくなった。,2.0,1
パンを食べてお腹がパンパン,2.0,1
警戒するから、毛かいぃ〜の〜!!,3.0,1
毛ガニでケガ人!?,3.0,1
新幹線は進化せん!,3.0,2
コメントに魂を込めんと・・・。,2.5,2
この囲いカッコいい!,2.5,2
佐藤君に質問殺到!!,3.8,5
原監督の腹、メタボで大波乱,2.0,1
予防するから、みんな呼ぼう!,2.0,1
惑星はクセー。,1.0,1
木星もクセー。,2.0,2
コリン星人はヘンてこりん,3.5,6
最近の細菌は、恐ろしい。,2.0,1
テーブルに手をぶつけたら、手ぶるぶる!!,4.0,3
この百円は、ヒャー食えん!! ,3.0,1
骨がぶつかってボーン… ,3.0,2
中学生はチュウがくせぇ…,3.0,2
みンな見飽きない、アッキーナ,2.0,1
イースター島でいいスタートを切ろう!,3.7,10
副部長の腹部超臭い,3.8,12
はなたれ坊主が放ったアレ,3.9,10
「これがマナカナに対するマナーかな」,3.8,8
トリートメントで一命をとりとめんと。,3.2,8
お前カラオケ行けるのいつからオッケー？,3.3,3
パンダの給食パンだ!,2.0,1
クリスマスはゆっくり済ます,3.2,4
ユウジ君って、どーゆー字??,2.0,1
VOXYに乗ってる牧師さん,2.0,2
クラウン乗ったらパンチくらうん??,2.0,1
男「イブの日は空いています？」女「相手います。」,3.7,9
北村さんが来た村,2.0,1
電柱で、おでん注文する,2.3,3
カセットテープとかセットする,2.0,1
物騒な時代だから、武装しよう,2.0,1
アイスクリームを愛す栗,2.0,1
ファンヒーターのファン引いた,4.0,1
写真をシャーシンで貫く,2.0,1
ありのままの姿の有野ママ,3.0,1
日本刀で二本、塔を斬る,2.0,1
バッテリーをかばって、リリース,2.0,1
次男が痔なんです・・・,3.5,2
ストーブがすっ飛ぶ,2.5,2
家庭科の教科書は硬えか?,3.6,3
階段の匂いを嗅いだんだ,3.3,3
はさみを握って、は〜寒みぃ〜！,2.5,2
COLT乗ったら肩が凝ると!!,2.0,1
半信半疑で半紙を使う!,2.0,2
マンホールに肉まん放る,3.8,10
阪神優勝は、半信半疑,3.5,2
IKKOさん家ヘ行こう,4.0,2
醤油をshow you,3.5,6
雷をあびるのはもうたくさんだー・・・・（Thunder）,4.0,2
政府が投げたボールはセーフ!,2.0,1
監督は試合に行かんとく,3.0,1
警部の頸部,2.0,1
隊長が拾ったイチョウ,3.7,7
怪獣がどっか移住したらしい,3.8,6
言いぶんはイーブン,3.0,1
テラスをライトで照らす!,2.5,2
ロッカーの上乗ってろっかー,2.0,1
映画を富田と見た,3.0,1
そのハエ超はぇー!,2.0,1
ツバメに座ろう(swallow),3.7,4
そごうへ急ごう。,3.0,2
香椎由宇の貸衣装,3.0,1
汁もんなんか知るもんか!!,3.0,1
新規で辛気臭い!,2.0,2
1兆円当たって胃腸炎になった!!,2.0,1
ハッカーは誰なのか発覚!!,3.0,1
究極の9曲!!,2.5,2
体調が悪い隊長,2.0,1
エキサイトする駅サイト,3.3,6
時計を黒く染める（clock）,3.5,2
スーパーマーケットでスーパーマン決闘,3.0,1
英会話はええ会話,2.0,1
おっとりした夫,2.0,1
お餅をお持ちになってください,2.0,1
取っ手がついててとっても便利,2.0,1
そろそろ新年会でもしんねぇかい?,3.0,1
お金が欲しいかね?いや、お金はおっかねーからいらない,2.5,2
栄養あるから食べたらええよ〜!,2.5,2
深海調査船に乗った新会長左遷,4.1,39
中国で骨を折ると変な音がするんですよ〜『ペキンッ』ってね。,2.7,7
かっぱをかっぱらう,3.8,6
応用問題を、使おうよー!,3.0,2
「ジョニー君どこ行くの?」「便所にー」,3.0,1
埼玉はダサいたまだお(・∀・),2.0,1
ミルクを見る工藤静香。,2.0,1
卵を見た孫・・・・・・。,3.0,1
亭主にティッシュを提出する。,2.0,2
お正月に和尚が吊るされている・・・・・・。,3.0,1
どうしたら銅メダルとれるの?筋トレして金取れ!!,3.0,1
枕かぶって真っ暗,3.0,1
イージス艦はいい字好かん!,3.0,1
木彫りが浮き彫りに!!,3.0,1
浮気したワッキー,2.0,1
キッチンはきちんと,2.0,1
麻生議員があーそう,2.0,1
今度ドームに行くコンドーム,3.0,1
がたいがいい人が合体,2.0,1
懐炉買ってかいろう,2.0,1
禿鷹は禿げたか?,2.0,1
命懸けのイノッチ,2.5,2
スカンクは好かん,2.0,1
ナイター中継に泣いた,2.0,1
法被を着てハッピー,3.0,1
下ネタ言ってしもうた,2.0,1
レーズンを食べれず,2.0,1
モロッコのおみやげはもう6個,4.0,1
スイスにすいすい,2.0,1
ケインコスギは毛濃すぎ,3.0,1
七日なのか?,3.0,1
ゆで卵を茹でた孫,3.0,1
木下君、宿題した?「昨日した」山田君宿題した?「いや、まだだ」,3.5,2
家庭科の道具、買っていいか?,3.7,4
ガストがすっとんだ,3.0,1
暗い洞窟で、どう靴を履く?,2.0,1
たけしが買った消しゴム,3.0,2
魔剣使ったら、そりゃ負けんわ。,2.0,1
地層から落ちそう,3.0,1
松岡の待つ丘。,3.0,1
吉田よ。死だ。,3.0,1
ドリア投げた。「どりゃー!」,2.0,1
ワゴンが突っ込んできた。「わー!」ゴンッ!!,2.0,1
見栄を張る見栄晴,2.0,1
カンガルーが考える,2.0,1
クローバの苦労話,2.0,1
イスランカに行って椅子売らんか?,2.0,1
紅の花命くれない,2.0,1
ケンドーコバヤシが教える剣道,2.0,1
組み体操を組みたいそう,1.0,1
葛飾区出身の勝つ刺客,3.0,1
採用してくださいよー,2.0,1
江東区に行くのが、こう遠くては・・・,3.0,1
減速が原則,2.0,1
体育祭は鯛臭い,2.0,1
パンプスを履いたダパンプ,3.0,1
歌がダダの宇多田,3.0,1
ババアが作るババロア,2.0,1
樹海に行った回数10回,3.0,1
鈴木史朗は鱸にしろ,2.0,1
畳をおたたみ,1.0,1
ホルモンを掘るもん,1.5,2
鈴木、巣好き,1.0,2
クールマイルド吸ってる人が車移動,3.9,16
蘇我氏は忙しい,3.0,1
しんのすけこそ真のスケーター,2.0,1
小森が子守り,2.0,1
薔薇がバラバラ,1.0,1
イングランドはイイグランド,2.0,1
前田は男前だ,2.0,1
大根が大混雑!!,2.0,1
みなとみらいに託す。   皆と未来を。,3.6,3
Volvicで僕Big,3.5,2
あの鳥、カモかも!?,2.0,1
飛来した平井さん,1.5,2
指宿市民はイブ好き!,2.5,2
織田がオーダーする,2.0,1
叔母のオーバーな話,2.0,1
シーマのドアが閉〜まった!,2.0,2
ちゃんちゃんこ着てちゃんこ食う,2.0,1
ノミネートされた蚤,2.0,1
ナレータに慣れた?,2.5,2
難題がなんだい?,2.5,2
詐欺にあったウサギ,2.0,1
浜田省吾は正午に帰宅,3.0,1
落し蓋を落とした豚,2.0,1
ハイジが拝辞,2.0,1
姫の秘め事,3.0,1
親権は真剣,2.0,1
モモンガが股噛んだ,2.0,1
クルトン食べると何かくると?,2.0,1
針葉樹を信用,2.0,1
九時に鯨が起きる,2.0,1
鹿が叱った,1.0,2
土左衛門になったドラえもん,3.0,1
マイナス思考のMYナース,3.0,2
苔の上を歩いていたらコケたぁ,2.0,1
トレーを取れ,2.0,1
お台場にダイバー,2.0,1
Ikkoはタマ1個,4.0,1
ケツメイシはケツが名刺,3.0,1
ブーツ買ったら、ぶつかった!!,3.0,1
押尾学はお塩を学ぶ,1.5,2
加藤さんに勝とう!!,3.0,1
ヒヨコがひょこっと現れた,2.0,1
鼈食べてスッポンポン,2.0,1
万田久子の漫談を聞く,3.0,1
しゃくれの釈,2.0,1
神田うのの右脳,3.0,1
解体する家を買いたい,2.0,1
漫画が曲がった,2.0,1
手痛いけど停滞していたい!!,3.0,1
窓割っちゃった。まーどうしましょ?,2.0,2
機関士にこんな攻撃効かんし!!,3.0,1
洗濯機の選択キー,3.0,1
灯油を、プレゼント トゥーユー!!,2.0,1
キャベツの中に虫がいた、キャー ベツのキャベツをちょうだい!!!!!!  ,2.0,1
ケーブル噛んでる犬の毛ブルー,3.0,1
福岡で、麩、食お〜か?,3.0,1
マドンナは窓ん中・・・,3.0,1
サバンナに、朝晩な!,3.0,1
フェイクのカフェ行く?,3.0,1
富士山に、麩、持参。,3.0,1
博士にずぼんを履かせる。,2.0,1
原田知世さん、巨人軍の監督って誰でしたっけ?原だと思うよ(原田知世),3.5,2
聖徳太子ってチョットくさいしぃ,3.0,1
クレヨンをくれよ,2.0,1
県大会なのに健太胃潰瘍,3.6,6
乳だけガタ寄りの父だけが頼りだ,3.5,2
相葉の愛馬,2.0,1
姉のアネモア,2.0,1
ウォンビンとは穏便に・・・,3.0,1
育児は意気地,2.0,1
移籍する遺跡,2.0,1
田丸麻紀の家に、溜まる薪・・・,3.0,2
円陣する猿人,2.0,1
威勢がいい異性,2.0,1
縁故で援交,2.0,1
寺門ジモンは人毛,3.0,1
鼎が願いを叶える,2.0,1
完済して関西へ,2.0,1
家老が過労,3.0,1
疣痔になる異母兄弟,2.0,1
官邸の鑑定士,2.0,1
熟成させたら、1日中くせぇ〜！,3.0,1
立田揚げで、チンコ立った！,3.0,1
新郎の辛労話,2.0,1
監禁して換金！,2.0,1
爪に米を詰め込め。,2.0,1
梅に米を埋め込め!,2.0,1
ステテコを捨ててこい!,4.0,1
財布をサイ、踏む。,2.0,1
札束をもって去ったばあさん。,2.0,1
新聞紙の上で、「新・分身の術!!」,2.0,1
麩、取ると太るよ!,2.0,1
カレンダーに描かれたカレーは、辛えんだ!,2.0,1
後藤はその後、盗撮。,3.0,1
帽子をかぶるのは、御法度（hat）！,3.6,3
ええ、以後は英語を使用してください。,2.0,1
学童疎開、しそうかい?,3.0,1
まる子がまる焦げ。,2.0,1
画面を眺めんとする。,2.0,1
板、抱いて頂いた。,4.0,1
空で飲んだのは、酢かい?(sky),3.0,1
落とした音した……。,3.0,2
コーディネートはこうでねぇと!!,3.5,6
ドラえもーん何かいいもの出してよ!!「どーら、えーもんだしてやろーか?」,2.0,1
ドラミちゃーん、ジャイアンにいじめられたよー!「どーら、ミーにまかせてごらん」,2.0,1
上履きが飛んできた!!逃げろ!!うわ!! バキ!!,3.0,1
机につく絵の具,2.0,1
モスラの島の海は藻すら生えない。,2.0,1
棚に上ったな……。,2.0,1
軟膏を何個買う?,2.0,1
燃料の前で寝ん涼子。,2.0,1
千葉が一番!,3.0,1
知事の知人,2.0,1
加護亜依は、籠、愛する……。,2.0,1
ラッパとラッパー!,2.0,1
ランプの下で、トランプ。,2.5,2
麩、摂ると太る！,3.0,1
イヨカン食べればいい予感!,3.0,1
無謀なゲームボーイ。,4.0,3
版画を掛けたハンガー,2.0,1
総会になりそうかい?,2.0,1
タワーに上ったわ〜!,2.0,1
南大門からは何題問題が出るの?,2.0,1
玉置宏に、頭来た!,3.0,1
この毛布はもう古い!,3.0,1
「あのォ、オカマ居なくなりましたけど……。」「いえいえ、お構いなく……。」,4.0,2
モテル人が荷物を持ってる,2.0,1
物干し竿がものほしそう,3.0,1
寒いのが苦手のSAM,2.0,1
印鑑が引火,2.0,1
チラシでちらし寿司,2.0,1
マンタに挟まった小股,2.0,1
カラアゲ食べたら刈り上げ,2.0,1
パジャマでお邪魔,2.0,1
困った駒,1.0,1
内装は、しないそうだ。,3.0,1
古崎が、仕事を振る先。,3.0,1
ごきぶりの動きぶり,3.6,3
服務規程に含む規定,1.5,2
このチーク、ちくちくしない?,2.0,1
たいぞう君!痛いぞう!,2.0,1
長州小力の源泉徴収,2.0,2
税は、うぜぇ〜,1.3,3
ニートの牛が二頭,2.0,1
桃を食べたモモンガ,2.0,2
ボーダーの線が棒だー,2.0,1
矢部がヤベー,2.0,1
闇屋は嫌味やわ,2.0,1
佐野史郎の左脳を知ろう,4.0,1
マンタが満タン,3.0,1
アンモナイトが「あ〜ん、もうない！」と・・・,4.0,2
サボテンがさぼってる,2.0,1
三田村が見た村,2.0,1
舞茸には参ったけ？,2.0,1
徳島で得しました!,3.0,1
餅と米を持ち込め!,2.0,1
刑事の軽自動車,3.0,2
ノリコの車に乗り込む,4.0,1
エミの微笑み,2.0,1
もみあげも見上げたもんだ,3.0,1
生還した達成感,2.0,1
ハイジが歯いじってる,3.7,4
壱岐に行きたい,2.0,1
ファンタのファンだ,2.0,1
金八先生の金髪姿,2.0,1
メンチかつ食べてメンチきる,2.0,1
地名クイズに答える1名,2.0,1
虻はあぶねぇ〜,2.0,1
校門が肛門,1.0,1
絶対音感の持つおかん,2.0,1
竹刀を持って市内へ,2.0,1
パパイヤ食べたパパは嫌,2.0,1
保母さんはほぼ3人,3.0,1
オナニーでオーナーに。,4.0,2
間八がカンパ,3.0,1
配達つもりの荷物を吐いた,2.0,1
まことを巻こうっと,2.0,1
ドクター見てたら毒だ,2.0,1
クワガタムシが食べ物を食わんかった,2.0,1
ネットバンキング? 古い古い、これからはネット板金!,2.0,1
「あのテニスの選手が持っているもの何?」「…手にスプレーや!!」,2.0,1
ガイガンが胃癌。,2.0,1
都内にいくことは二度とない,2.0,1
福岡県人は服をかけん,3.0,1
カンニングしたけど、堪忍して,2.0,1
内藤が泣いとる,2.0,1
コナンは、困難に立ち向かう,2.0,1
アイコンタクトをとるaiko,3.0,1
ビーカーの血液型は、Bか,2.0,1
敗者の歯医者に配車された車を廃車にした。,3.0,1
沢村一樹の一気飲み,2.0,1
さんまさん、待って!,2.0,1
シーソー乗ったら、楽しそう,2.0,1
押尾の御塩,3.0,1
原が腹立った,2.0,1
荒川良々をヨシヨシ,2.0,1
北区に今朝帰宅,2.0,1
給食センターに求職願う,2.0,2
呼ばれて再登場の斉藤さん,2.5,2
すっぽんの胆のうを堪能する,2.0,2
歌手に復活した深津絵里,3.0,2
ようやく、洋訳の要約が完了した,2.0,1
高貴なマドモアゼルを惑わせる,2.0,1
カタログ見て買ったログハウス。,2.0,1
istに乗って、イス取りゲーム!,2.0,1
遺影を持ってイェーイ!,3.0,1
海老蔵のエビゾリ,2.0,1
アポロチョコ落とした!あっポロッ!!,3.5,2
坂下が花を咲かした,2.0,1
黄海に行って後悔,2.0,1
ブリッコの鰤,1.0,1
尾張に行けば人生終わり,2.0,1
ハデルは歯出てる,2.0,1
澄し汁のすました顔,2.0,1
銅像をどうぞ,2.0,1
仏像をぶつぞう,2.0,1
アリエールは有りえる,2.0,1
徳井にも不得意がある,2.0,1
半田と一緒の班だ,2.0,1
ジミー大西は地味,2.0,1
オダギリジョーのオーダー、ギリギリ！,4.0,1
洋子の家にようこそ,2.0,1
モンスターが門吸たー,2.0,1
志茂田景樹は下ネタが過激,2.0,1
若菜にはわかんない,2.0,1
斑鳩町で、怒るガチョウ。,3.0,1
オペラの台本、Oh〜ペラペラ!,2.0,1
福井で、麩、喰いましょう!,3.0,1
伊万里市を、今、理解。,3.0,1
「おしん｣のお新香。,3.0,1
敷島で指揮しましょう!,4.0,1
広島で披露します!,2.0,1
相撲取りには、スモールサイズで。,3.0,1
相撲に勝って前に進もう,3.0,1
サリーちゃんのアクセサリー,2.0,1
大阪で、王サッカー,4.0,1
過激な歌劇,2.0,1
土壌に同情,2.0,1
ウコンを飲む右近さん,2.0,1
千葉の落ち葉,3.0,1
獅子舞持った姉妹,3.0,1
いい所だけの従兄弟,2.0,1
隅っこの方にいる、にしおかすみこ。,3.0,1
ハットトリックを決める服部,2.0,1
老けん人は不健康,2.0,1
メイサは姪さ,2.0,1
波田が破綻,2.0,1
香里奈に物を借りな,3.0,1
エコする小池栄子,2.0,1
石田の詩はいい詩だ,2.0,1
桶を持ってОK?,2.0,1
倖田の意見はこうだった,3.0,1
コロ助を殺すけん,2.0,1
中川翔子が事件の証拠を握る,2.0,1
羽賀の歯型,2.0,1
ヤジを飛ばす親父,2.0,1
奈良でオナラ,3.0,1
空海なんか食うかい?,3.0,1
忠臣蔵の中心グラつく,3.0,1
ラストのイラスト,1.0,1
婿になるの無効,2.0,1
阪神選手の下半身,3.0,1
御頭は可笑しいな,2.0,1
針治療をするハリー,2.0,1
タイ子はサザエに対抗意識むき出し,2.0,1
落し蓋をした豚,2.0,1
大型店の客は、О型だけ。,2.0,1
ヨーデル聴いたら、朝よ〜うでる,3.0,1
慎吾の信号機,2.0,1
ビデオ撮ると美で劣る??,2.0,1
家ないなんて言えない・・・,4.0,2
栗栖ちゃんのバッグは、クリスチャンディオール！,2.0,2
姉妹の鯛を、箱にしまいたい。,2.0,1
百恵も燃えた。,3.0,1
伊達はやる事がだてじゃない,2.0,1
アインシュタインを愛したい,3.6,3
アイボの相棒,3.0,1
直太朗、時計直ったろうか?,4.0,1
高2のウニ,2.0,1
検査するケンさん,2.0,1
生花なのに造花に見えたが気のせいか?,2.0,1
子づくりは、旦那と相談な。,3.0,1
産科医は3Fです。,4.0,1
おしどりを隠し撮り,2.0,1
明日(あす)のアース(地球),1.0,1
バリー・ボンズはポン酢好き,3.0,1
消しゴムを使うのは、異例さ(eraser)!,3.0,1
琴が断る,2.0,1
椀子蕎麦食べるワンコ,1.0,1
ミントを見んと!,2.0,1
マットで待っとこう,2.0,1
野茂と飲もう,2.5,2
たわしを渡した鷲,2.0,1
簿記したら勃起した,2.0,1
沖田が起きた,2.0,1
シモンの指紋,2.0,1
青田がセンスない服で扇子を煽った,3.0,1
英単語を覚える瑛太,2.0,1
イタリアにいたリア・ディゾン。,3.0,1
くじらがホエール。,2.0,1
ふせんを貼った風船。,2.0,1
苦労するフクロウ,3.0,1
木綿は揉めん!,2.0,1
笹が刺さった!,2.0,1
共和党マケイン氏は負けんっ,2.0,1
一青窈という人と、酔う。,4.0,1
理事のオリジナル。,2.5,2
カツアゲしてカツ揚げる,2.0,1
ダスキン出す気?,3.0,1
糖分高いのもう当分いい,2.0,1
コーラを堪える,2.0,1
charaはチャラい,3.0,1
楽都に行くとガクトがいる,3.0,1
会費を回避,2.0,1
レジの人とトークしたら得した,2.0,1
爪楊枝で妻、用事。,3.0,1
織田真理、おだまり！,4.0,1
徹が通る,2.0,1
六日になったら眠いか?,3.0,1
ミシンに興味津々,4.0,1
オスカーを倒すかー,3.0,1
オットセイが夫の姓,3.0,1
小浜市がオバマ氏を応援,3.0,1
アニソンの兄、損。,3.0,1
阿藤快に圧倒かい?,4.0,1
内部はナイーブ,2.0,1
朱鷺に時めく,2.0,1
螺子をねじる,2.0,1
京大行く兄弟,2.0,1
SHINOと死のう,3.0,1
真鍋に学べ,3.0,1
皿割れて浚われる,3.0,1
言い値はいいね,2.0,1
吉幾三が「ヨシ、行くぞ」,3.0,1
「笹焼いた｣と囁いた・・・・・・。,2.0,2
トナカイと仲いい,3.5,2
埋蔵金はオレのマイ雑巾,3.3,3
バックショットで爆笑,3.0,1
みのの恋が実る,2.0,1
キュリー夫人が胡瓜を食べた,2.0,1
入試受けたら乳歯抜けた,2.0,1
男子がダンシング,3.0,1
メガネのミキに行く美樹,2.0,1
紀香の海苔か?,3.0,1
浪人の蝋人形,2.0,1
笛が増えてる,3.0,1
凛子の燐戸,3.0,1
竹の雄叫び,2.0,1
ハムスターがハム吸ったー,3.5,2
俺のオレオ,2.0,1
ペテン師の天使,4.0,2
嘘が上手いウソップ,1.5,2
胃腸炎になった医長、えんか？,3.0,1
御香を置こう,3.0,1
ヘタを取るの下手,2.0,1
海女が余る,2.0,1
余寒がした予感,2.0,1
話に折れた、俺たち,3.0,1
読経読んだら度胸つく,3.0,1
二次会で、虹かい？！,3.0,1
チンパンジーのパンジー,2.0,1
バラックがばらつく,3.0,1
乳化剤を入荷,3.0,1
スクーターで救うたぁいい度胸だ！,2.0,1
マムシはまぁ〜無視,2.0,1
おたっくす使うオタクっす,3.0,1
編み物をする亜美,2.0,1
徹子の鉄工,3.0,1
毛沢東、ご飯もう炊くとう？,4.0,1
モーツアルトが「モツあると?」,4.0,2
航海の海に行こうかい,3.0,1
ニコチン吸ったニコチャン大王,2.0,1
蛸を炊こう,2.0,1
新人を信じん!,2.0,1
悟空が動く,2.0,1
郷と強盗する,2.0,1
ヒレに比例する,2.0,1
サバイバル対決で、鯖威張る！,3.0,2
辺地は変ちくりん,2.0,1
アイーダを見た相田,3.0,1
探偵ナイト見ないと,2.0,1
美保が見本,2.0,1
関節と間接キス,2.0,1
完走したら乾燥した,2.0,1
ゴリをごり押し,2.0,1
サメに冷める,2.0,1
審美なシンビ,2.0,1
神秘な真否,2.0,1
住まいにスマイル,2.0,1
門下生の門、貸せぃ！,4.0,1
いとうせいこう、牛の競売で、1頭成功！,3.0,1
棄権したら危険,2.0,1
オーボエを覚える,3.0,1
皆勤賞は、もう解禁っしょ？！,3.0,1
官僚が、任務完了！,3.0,1
水仙持ってたら推薦された,2.0,1
カナダの金だらい,4.0,1
御手洗を見たらしい,2.0,1
ケイトの毛糸,2.0,1
美輪が庭を見渡す,2.0,1
不眠症の府民,2.0,1
北野は来たの?,3.0,1
童謡はどうよ〜,2.0,1
恩師に普通に電話で、音信不通,3.0,1
昼に蛭、出た！,2.0,1
MAXがマックでバイト,2.0,1
鉄矢は徹夜,3.0,1
桂の鬘,2.0,1
豹の票,2.0,1
妻がつまずく,2.0,1
サスペンダーを刺すペンだー,4.0,1
シュノーケルが、首脳、蹴る！,3.0,2
首尾一貫した守備はいかん！,3.0,1
キミの黄身,2.0,1
シンバのシンバル,2.0,1
星雲は盛運,2.0,1
泉水で潜水,2.0,1
煎茶は先着,2.0,1
先輩は1000敗,2.0,1
クレアのエクレア,3.0,1
チョコはオチョコチョイ,2.0,1
梟の袋,2.0,1
夜間の薬缶,2.5,2
後期に好機,2.0,1
天海祐希に勇気をもらう,2.0,1
中居と仲いい,3.0,1
えんどう豆食べるココリコ遠藤,2.0,1
容姿を伺う養子,2.0,1
新説には親切,2.0,1
とばっちりを受ける鳥羽一郎,3.0,1
ナイナイが居ない居ない,2.0,1
ハットはご法度,3.0,1
ハイター見て、歯痛,3.0,1
不幸なら笛を吹こうか?,3.0,1
五円にはご縁がある,2.0,1
メグルは世界を巡る,3.0,1
短歌で啖呵きる,2.0,1
火曜は歌謡見に行く,2.0,1
地震に自信ない,1.0,1
金曜は何も着んよう,2.0,1
日曜は日用品を買う,2.0,1
岐阜の義父,2.0,1
文部省のモンブラン,3.0,1
鰤食べるの久しぶり,2.0,2
湯葉好きなUVERworld,2.0,1
無垢なムック,2.0,1
面子はめんこい,2.0,1
軟体動物は何体いる?,2.0,1
増殖された、象ショック!,3.0,1
タルト食べると祟ると?,2.0,1
美沙のミサンガ,2.0,1
里帰りするサトエリ,2.0,1
アブちゃんはアブノーマル,2.0,1
館はたちが悪い,2.0,1
アイアイと相合傘,2.0,1
あおいが青色申告する,2.0,1
茶菓で茶化す,2.0,1
先妻は繊細,2.0,1
Bzがビーズに嵌る,2.0,1
僧団に相談,2.0,1
鱧とハモる,2.0,1
ハヤシライスを食べる林,2.0,1
相田の間,2.0,1
会うとアウト,2.0,1
悪才は、ア、臭い,2.0,1
「蓮根」と連呼,2.0,1
陸のリクエスト,2.0,1
ランドリーで乱取りする,2.0,1
もんたのモンタージュ,3.0,1
木工を作る人は黙考,3.0,1
孟子が申し上げる,2.0,1
猛虎を猛攻撃,2.0,1
ムースを蒸す,2.0,1
三つで密通,3.0,1
三つ葉を密売,3.0,1
未知の道,2.0,1
耳打ちする身内,3.0,1
マックで末句,2.0,1
真紀が豆を撒き散らす,2.0,1
「俺屁した」「へェー」,2.0,1
米貨で米菓買う,2.0,1
不埒なプラチナ,3.0,1
不遇の河豚,2.0,1
服飾系に復職！,3.0,1
府下は不可!,2.0,1
風韻を封印,2.0,1
悲鳴をあげる姫井議員,4.0,1
バッターのボールを奪ったー,3.0,1
脾臓は秘蔵,2.0,1
開会式でお尻かいかい,3.0,1
佐賀県人は御下がり多い,3.0,1
妹が芋打っとる,3.6,3
若杉さんは肌年齢若すぎ,2.0,1
アジトの鯵取る,2.0,1
筑紫に土筆が生える,2.0,1
ドアの度合い,2.0,1
冬眠する島民,2.0,1
土星から怒声が響く,2.0,1
名取のナトリウム,2.0,1
海鼠が入ったなまコンクリート,2.0,1
無知な鞭,1.0,1
愛車にアイシャドーをつける,2.0,1
靴履くのは苦痛・・・,2.0,1
飴煮のアメ二ティー,3.0,1
演歌みたいな園歌,1.5,2
校歌には、どんな効果がある?,1.5,2
これはチゲだ!ちげぇねえ!!,2.5,2
遅生まれを襲う,2.0,1
コロンビアのコロン美や！,3.0,1
使役で私益になる,2.0,1
府道のユリ見た不動裕理,3.0,1
カジノに行く梶野,2.0,1
彦摩呂のマロン,2.0,1
聖書を読んで和んだ、清少納言,2.0,1
亀田興毅の飛行機,3.0,1
絆創膏つけて伴奏,2.0,1
変体仮名を使う変態かな?,3.0,1
ナルトどうなると?,2.0,1
クルーが来る,2.0,1
狩する人はカリスマ,2.0,1
カリカは狩りか?,2.0,1
絆創膏を付けて晩、走行!,3.0,1
マニアがイベントに間に合う,3.0,1
バッチはばっちい,2.0,1
マクラメの枕,2.0,1
「倉庫どこ?」「そこ!」,2.0,1
足袋を再び履く,2.0,1
硫黄に言おう,2.0,1
幽界で誘拐?,2.0,1
寮に入る涼,2.0,1
市内は忙しない!!,2.0,1
登校中にダジャレ投稿!!,1.5,2
チカラ君どっちからきたの?こっちから!,1.5,2
コーヒーを工費で買う!,1.5,2
半田の判断で決まる,2.0,1
うてな、球打ってみな,3.0,1
夜行列車を焼こう!,3.0,1
歌詞貸して,2.0,1
洋ナシに用無し,2.0,1
ヌタを塗った,2.0,1
三月で病み付き,3.0,1
楊貴妃は陽気,2.0,1
シカゴに鹿5頭,3.0,1
音無は大人しい,2.0,1
ミロを見ろ,2.0,1
為替は交わせない,2.0,1
モンドに問答無用,2.0,1
シカゴの虫かご,3.0,1
ペコちゃん見たら、お腹ぺこぺこ,1.0,1
真島さんをまじまじ見る,2.0,1
玄人は苦労してる,2.0,1
理科をしたリカちゃん,2.0,1
麺は頼めん,2.0,1
那須高原の茄子,1.5,2
わら食いながら笑うな!!,2.0,1
耳下腺炎で時価千円,2.0,2
ステラ乗りながらカステラ食うなよ!,2.0,1
白菜食ったら歯臭い??,3.0,1
ホームインする公務員!,2.0,1
仲代さんは、どの中だい??,2.0,2
4人だけ容認!,2.0,2
新宿で真珠食う!,3.0,2
五大湖で小太鼓たたく!,1.6,3
ねえ、ちゃんと姉ちゃんと勉強してる?,2.0,1
鰹に打ち勝つ男!,2.0,1
絹を着ぬ娘。,2.0,1
角田の写真拡大!,3.0,1
アンガールズの餡がある?,3.0,1
ラムネが膨らむね,4.0,1
イーゴリ公は、以後利口。,3.0,1
長良川を見ながら・・・・・・。,3.0,1
沖縄にある、大きな輪。,2.0,1
鶏肉を取りに行く。,2.0,1
「いい肉｣と言いにくい。,3.0,1
僕らの蔵。,2.0,1
近代の平均台。,2.0,1
竹刀を折りはしないさ。,2.0,1
キセルを着せる,2.0,1
すき家の牛丼が好きや!,2.0,1
このワッフル、わー古い,2.0,1
桂文珍の文鎮,2.0,1
趣味はシュミレーション,2.0,1
相手のアイテムを貰う,2.0,1
悪路でアクロバット,3.0,1
わしの鷲,1.0,1
時東ぁみの投網,3.0,1
若人は、ワー高度,2.0,1
タンニンの担任,2.0,1
甘美を完備,2.0,1
紺野まひるの真昼はどんなもの?,2.0,1
大分に王いた!,2.0,1
貫地谷しほりが患者しぼり！,3.0,1
部隊が舞台に上がる,2.0,1
短章した文を嘆賞しあう,2.0,1
Mr.オクレは手遅れだな,2.0,1
「ここ内館牧子の家だって」「巻き込まれた人だね」,2.0,1
慶大の境内,2.0,1
カラスが花枯らす,2.0,1
カステラを貸す寺,3.0,1
画用紙が養子?,3.0,2
タイ人と怠慢はる,2.0,1
桃井かおりの桃いい香り,3.5,2
山中がいたせいか雨が止まなかった,2.0,1
機内にいる人、なんか着ない？,2.0,1
天気が良くて転機迎える,2.0,1
スコットランドの酢凍っとらんと,2.0,1
心太（ところてん）食べる所さん,2.0,1
酢を吸う,1.0,1
占い師の性格は表あるけど裏ないし,2.0,1
洒落だけで謝礼金を貰う,2.0,1
革を乾かす,2.0,1
赤ちゃんの垢,1.0,1
加工する格好,2.0,1
籾をモミまくった,2.0,1
モト冬樹もっと行け!,2.0,1
近藤春菜に怠慢はるな,2.0,1
近藤今度どう?,2.0,1
マイケルは、まぁまぁイケる,2.0,1
深井は不快,2.0,1
夕菜には言うな,2.0,1
江頭2:50の絵かしら?,3.0,1
ライオンの体温,2.0,1
紅葉に行こうよ,2.0,1
頂を登る板垣退助,2.0,1
松永さんを待つの長〜,2.0,1
花を離す,2.0,1
人にヒット,2.0,1
たいせの体勢,2.0,1
ガストの8月(August)。,3.0,1
バリ島のバリトン。,2.0,1
グァムでガムかんだ。,2.0,1
アキラは、諦めた。,2.0,1
脇に挟んだ受話器。,2.0,1
イバラに威張られる。,3.0,1
ジャケットじゃ決闘できない,3.5,2
学ランに目がくらんだ,3.8,5
「もうしません」なんて申しません。,3.0,1
ハイテクな靴履いてく??,3.0,2
早くテントを立てんと!,4.0,2
カゴしまう鹿児島県民,2.0,2
キャスターじゃなきゃスターじゃない。,2.0,2
ケイタはスケーター。,2.0,2
クリアファイルに栗は入る。,2.6,3
模範的な、サモハンキンポー。,3.0,1
アダプタ無くして、あたふた,3.0,1
リッチな立地,2.0,1
ジャイアントシルバはジャイアンとシルバーシート兼用,2.0,1
閣下がかっか,2.0,1
吉野ヶ里に行く木村佳乃、ガリガリ・・・,3.0,1
店舗はテンポいい!,2.0,1
マスカット食べると、気分はまースカッとする,2.0,1
ウランバートルで、ウランバトル！,3.0,1
和久井映見は和食い絵見る,2.7,4
脚気はカッケー,2.0,1
コンゴの今後,2.0,1
間隔の感覚,2.0,1
もののけ見たら物除ける,3.0,1
眼科で癌化発見,2.0,1
フラスコを振らす子,2.0,1
タレが垂れた,2.0,1
関門で喚問,2.0,1
雪駄履いて接待,2.0,1
毛筆はもう必要ない,3.0,1
ゲイとゲートボールをする,2.0,1
蜜を見つめる,2.0,1
以外に胃が痛い,2.0,1
野茂は、No More !,3.0,1
完璧主義の間寛平,2.0,1
雁字搦めの鑑真,2.0,1
マダムまだ無駄遣いしてんの,2.0,1
林遣都の健闘を祈る,1.0,1
危機があるキリンに焦る樹木希林,2.0,1
下北にSEAMO来た,4.0,1
カエラは帰らんば,3.0,1
薬味する鶴を見る、やくみつる,2.0,1
不快に思うものは、麩かい?,2.0,1
マルコーで働くまる子,2.0,1
つくしにつくシラミ。,2.0,1
愛媛にえー姫,3.5,2
布巾使って腹筋,2.0,1
愛川欽也の借金や,3.0,1
戸棚があるって、ホントだな?,3.0,1
福島県人はちゃんと服しまう,3.0,1
与作を聴いたら花よう咲く,3.0,1
笑福亭が招福って・・・,3.0,1
ローマに行くと浪漫を感じる,2.5,2
こん平の企画コンペ,3.0,1
よそでご飯よそうのやめや,2.0,1
ワイロで、いい声色。,3.0,1
治国で遅刻,2.0,1
全校生徒が、善行せい!,4.0,1
戸棚埃がある戸田菜穂,2.0,1
大河ドラマにでるタイガー,2.0,1
西遊記にウルさい、優木まおみ。,3.0,1
役所広司が、市役所工事!,4.0,1
おすぎは、出番多過ぎ!,3.0,1
鳥羽一郎は、オートバイ遅漏・・・,3.0,1
ドリカムが、段取り、噛む・・・。,3.0,1
Kyoko Fukada(深田恭子)は、強行不可だ!,3.0,1
後醍醐天皇とゴダイゴってんの!,2.0,3
Zardがハザード!,2.0,1
DA PUMPが、脱パンプス!,3.5,2
田中麗奈の、口下手な彼な〜,3.0,1
知念里奈が、1年Linux!,3.0,1
加藤夏希が、過当な付き合い?,4.0,1
唐沢の空騒ぎ・・・,3.0,1
菅野美穂が、缶のみ放置。,3.3,3
菊川怜とキッカーは、礼!,4.0,1
氣志團は最近、からっきしだ・・・。,3.0,1
窪塚の、エクボ図鑑。,3.0,1
倉木麻衣の、暗き舞・・・,3.3,3
クラムボンの目がくらむ、盆。,3.0,1
黒谷友香と、モカ。,3.0,1
後藤真希が、丸ごとまき散らす!,3.0,1
小西邸の横にして!,4.0,1
小西真奈美の横に、しまなみ海道!,4.0,1
浅香唯は朝、痒い・・・,4.0,1
浅川マキは、朝、皮むき・・・,2.5,2
浅田信一は、朝、打診。,3.0,1
厚見玲衣が「あっ、つみれ!」,3.5,2
荒井由実の、荒い弓。,3.0,1
ARASHIが、掲示板荒らし。,2.0,1
ALFEEと、あるフィーチャリング。,3.0,1
いっこく堂が、エンジン1個駆動。,4.0,1
今井ちひろの家は、イマイチ広くない。,3.0,1
忌野清志郎の今はのう・・・,3.0,1
大沢たかおが、尾を触った顔。,4.0,1
小椋佳のかき氷は、小倉系?,2.0,1
沢田研二を触った検事,4.0,1
瀬戸朝香のヘアセット、朝か?,3.0,1
つぶやきシローは、ごま粒焼きシロウト!,2.0,1
「草加煎餅食べた」「そうか」,2.0,1
供養に行くよう,3.0,1
山でもっと冴える山本紗衣,2.0,1
塗装中に、逃走・・・・・・。,2.0,1
この戦い、暖かい。,3.6,3
きりたんぽを担保にする。,2.0,1
唐松に絡まった。,2.0,1
塗料をバイト料で買う。,2.0,1
仏教徒は、不器用だ。,2.0,1
ホルンを彫るんです。,2.0,1
てんむす食べる天武天皇,2.0,1
井伊直弼は同じ事、言い直すけん！,4.0,1
水のみミキサーを使う水野美紀,3.0,1
見返りを求めるミカエル,2.0,1
フビライハンは、エビフライ班。,4.0,1
ナツメグ食う夏目、Good！,3.5,2
天智天皇、点字打てんの?,3.0,1
青木昆陽こんよう〜,2.0,1
道元は最近どげん?,2.0,1
日蓮宗は毎日練習,4.0,1
寄り道する藤原頼道,2.0,1
滝沢馬琴の罰金生活,2.0,1
後鳥羽上皇は言葉上等,3.0,1
カイヤ、タイヤ買いや〜,3.0,1
殿より友を大事にした、源頼朝,2.0,1
最澄は最長記録更新,2.0,1
尾形光琳の後輪,2.0,1
双葉亭四迷に指名,2.0,1
インカ帝国が引火,2.0,1
悪人が、あ、九人もいる,2.0,1
竹の家で豊かな生活をおくる、竹野内豊,2.0,1
ハブを省く,2.0,1
気管支喘息なのに薬効かんし,2.0,1
女将が愛する狼,3.0,1
バーレーンに来たら、不倫ばれん,2.0,1
ヒトラーをひっとらえろ,3.0,1
タリンは人足りん,2.0,1
キトにきっと着く,2.0,1
ココスはここッす!,2.0,1
レオタード着る森本レオ,2.0,1
2億円は、ここに置く,3.0,1
コブクロのエコ袋,4.0,1
信長のドアノブ長っ,3.3,3
家康の家安い,3.0,1
コブクロのたんこぶ黒っ!,3.0,1
原子力委員会は、そげん視力いいんかい?,4.0,1
公正に、こうせぇ!,2.0,1
非行少年なんか弾こう!,3.0,1
ゲイ歓迎,3.0,1
ANESSA使う姉さ,2.0,1
遠回りする生田斗真（いくたとうま）,3.0,1
立場ない、橘。,3.0,1
coccoの国庫,2.0,1
ハーゲンダッツを食べて、スポーツ励んだ,3.0,1
騎士の起死回生,2.0,1
モニカのハモニカ,2.0,1
カブに触って、かぶれた。,2.0,1
菅原文太が物を分担,2.0,1
クオカード喰おうか,2.0,1
ミミズ喰うみみずく,3.0,1
市町村で、私、超損!,3.0,1
イトーヨーカドーでは、伊藤要稼働!,4.0,1
置くだけの奥田家,3.5,2
最新のカプサイシン,4.0,1
冒頭に出たボート,3.0,1
甥を追い抜かす,2.0,1
ある日のアルフィー,2.5,2
カスを貸す,2.0,1
豊島園で落とし前つける,3.0,1
皇太子を交代しよう。,3.0,1
イージス艦に乗るのは、easyっすか？,4.0,1
徳川家光の家3つ,3.0,1
マイク、ま、一句どう?,2.0,1
しゃくなげの花を、釈投げた！,3.0,1
艦内にいると帰る時間ない,3.0,1
石狩で医師借りる,3.0,1
カトリックの香取クン,3.0,2
ミル貝を見るかい?,2.0,1
僕の木刀持つ?,2.0,1
予防接種する選手呼ぼう,2.0,1
五輪にでた直後、ご臨終,2.0,1
白タイツを穿く、城田優,2.0,1
大場さん、オーバーラン!,2.0,1
小鉄を更迭,3.0,1
ナイロビには無いロビー,4.0,2
うたた寝した後、歌ったね,4.0,1
プサンはプーさんだらけ,2.0,1
トリノに来たら、肩に鳥乗るの?,2.0,1
葛飾北斎は勝つしかない,3.0,1
「佐野どこ行った」「さ〜の」,3.0,1
殴打のオーダー,2.0,1
井戸田の意図だ,2.0,1
コアラ森で子荒しまくり,2.0,1
マスオさん桝お幾ら?,3.0,1
肥後の竹ひご。,2.0,1
桃太郎も持った蝋燭・・・・・・。,3.0,1
キー落とした、紀伊で。,2.0,1
丹波のタンバリン!,2.0,1
周防で吸おう!,2.0,1
播磨で貼りまくる!,2.0,1
障子の不祥事。,2.0,1
因幡でイナバウワー,2.0,1
シリコン入れたら、私、離婚!,3.6,5
チュートリアルが、リアルに中途採用・・・,2.0,1
木下優樹菜と、木の下行きな!,4.0,1
箸の絵見てる、はしのえみ。,3.0,1
マイアミのmy網,3.0,1
上戸彩が、ウェイターや!,3.0,1
土蔵へどうぞっ,2.0,1
由美かおるの弓香る,3.0,1
握手して悪臭が漂う,1.0,1
メッカでは駄目か?,2.0,1
オタワって人おったわ,2.0,1
高野豆腐は、こうやって作る!,3.0,1
参謀はちびくろサンボ,2.0,1
デブ同士で、ランデブー!,3.0,1
レーコー淹れを励行・・・・・・。,2.0,1
乳母が奪った!,2.0,1
通訳は、通夜来る?,3.0,1
温泉が汚染,2.0,1
訳のわかんない館内案内,3.0,1
温度計で「ライオンどけぇ！」,2.0,1
レースカーテン越しにレースカー展示,3.0,2
牙が黄ばんだ!,2.0,1
見せしめに、店閉める!,3.0,1
細菌兵器も最近、平気,4.0,3
ボッシュ社の部品は没収,3.0,1
ヨルダンに寄るんだ,2.0,1
矢田亜希子は、ヤダ秋怖いと告白,2.0,1
犀のサイズは?,2.0,1
高価な硬貨,2.0,1
マリちゃん子供にお困り,2.0,1
あんたの子、安泰よ!,3.0,1
家事を進んでやる梶,2.0,1
山崎邦正を干せ,3.0,1
麻木さんが好きな浅葱色,2.0,1
幕の内を巻くのウチ?,4.0,1
都市で年を取るサトシ,2.5,2
ウィルスミス、居留守ミス！,2.0,1
5人を誤認逮捕,4.0,1
アナが穴に入る,2.0,1
イルカが好きな蘇我入鹿,2.0,1
ヨサコイよ、さぁ来い！,3.0,1
雨宮塔子の闘魂,3.0,1
「儲かってないね」「もう買ってくれなくて良いよ」,2.0,1
かいせんとうで貝先頭,4.0,1
KELUN何か弾けるん?,3.0,1
セコイヤチョコ食べる人、セコいやちょっと！,3.0,1
金ちゃんヌードル食べて、欽ちゃんヌードになる?,3.0,1
白根山なんか知らね〜！,2.0,1
十勝のトンカチ,2.0,1
富士急ハイランドでバイト、時給入らんど〜！,4.0,4
波紋が広がるハモンドオルガン!,3.0,1
メコン川に埋め込んだ,3.0,1
IC持ってるから、愛して,2.0,1
カシュナッツ食べる賀集利樹,2.0,1
積み木で遊ぶミッキー,2.0,1
ドナルトが怒鳴るど〜,3.0,1
エナメルを舐める,2.0,1
ミステリーが好きなMs.テリー,4.0,1
スワンは煙草吸わん,2.0,2
玉の輿したけど、玉残しといて。,2.0,1
寝間き着る、招き猫,2.0,1
オリラジの檻、Large!,4.0,4
オペレッタを見るオペレーター,2.0,1
法華経のウグイス、ホケッキョ!,2.0,1
遺体が持つ携帯。,3.0,1
不景気には麩ケーキが最適!,2.0,1
張りきって針切ってね!,2.0,1
水槽の水を吸いそう。,2.0,1
杏からアーン,2.0,1
織田裕二とは友人,2.0,1
水沢奈子と泣こう,2.0,1
かますが、ハッタリかます!,3.0,1
ゆうたろうに言うたろう,2.0,1
愛撫先にやった相武紗季,3.8,7
叔父さんビール持参,3.0,1
鷹と戦った,2.0,1
具志堅と櫛兼用,3.0,1
姉妹はおしまい,3.0,1
官能小説は感応笑声,3.0,1
寄航して何聴こう?,3.0,1
モヒカンも、悲観的！,3.0,2
関取の咳,2.0,1
ユビキタスで指切ったっす,3.5,2
久蔵ファンが急増,3.0,1
ボンジョビは、お盆常備!,3.5,2
クリス・コーネルなら、こう寝る。,3.0,1
象危ないぞう,1.0,1
イブの夜はライブ,2.0,1
三振する桂三枝,2.0,1
コーナー曲がる時、こうな,2.0,1
角野卓造、何描くの?,2.0,1
館内近くの草刈んない?,3.0,1
愛想ない人と会いそう,2.0,1
アメーバいると、雨ばっかり。,3.0,1
コテージに固定,3.0,1
ボンテージで盆、提示!,4.0,1
ビンテージの瓶、提示!,4.0,1
貞操をめぐって提訴!,3.0,1
武士の拳,2.0,1
各数を隠す,2.0,1
久米宏と組め!,2.0,1
墨つけてすみません,2.0,1
子牛を飼う孔子,3.0,1
感じやすい、貫地谷しほり,3.0,1
苗には萎える・・・,2.0,1
カズのおかず,2.0,1
新幹線乗って震撼せん！,3.0,1
ゲイの人口多い、芸能人。,2.0,1
オサムのギャク、オー、寒,3.0,1
お花とお話,2.0,1
サイパンで再犯,2.0,1
ミスったミスター,2.0,1
灯篭の前を通ろう。,2.0,1
シミ染みてる,2.0,1
食指してショック死,4.0,1
妻と辻褄が合う,2.0,1
ラモス、クワガタ持って、モスクワへ,2.0,1
モトクロスでもっと黒酢,4.0,1
渡航はやめとこう。,3.0,1
板割った人をいたわった,3.0,1
サラミの皿三つ,3.0,1
スピンするスッピンの女。,2.0,1
清酒を持って「静粛に!」,3.0,1
ロバの風呂場,2.0,1
箏割るのを、断る。,3.0,1
袋に入れた、麩、黒い。,2.0,1
スポンジでスッポンじっくり洗う。,3.0,1
麩まんじゅうに不満十分!,2.0,1
睡魔に負けてすいません・・・,2.0,1
コエンザイムで、我が子冤罪!,3.0,1
爪の説明。,2.5,2
幼い子いるから押さないで,3.0,1
船場吉兆の会見とても貴重,2.0,1
イボンヌの異母兄弟,2.0,1
実兄が実刑判決,2.0,1
黄砂はこうさ,2.0,1
ししゃも食べる死者,3.0,1
亜寒帯はあかんたい,3.0,1
サルサする猿さ,2.0,1
鯉賢い,2.0,1
カストローが貸すストロー,3.0,1
アルパカに乗ったある馬鹿,2.0,1
ガム取られて僻む,2.0,1
発毛して初詣,3.0,1
嘔吐で応答,2.0,1
ハグして歯茎見せ合い,2.0,1
アンネの日記あんね?,2.0,1
だいたひかるが抱いた光る思い,2.0,1
鳩に餌やるはとこ,1.0,1
遺書と一緒,2.0,1
アルト何か文句あると?,2.0,1
田中卓志のタクシー,3.0,1
苗をお供え,2.0,1
さまになってるサマンサ,2.0,1
テノール手乗る?,3.0,1
お母さん犯さん?,2.0,1
猛喧嘩もう限界って妄言か?,3.0,1
どんな日もGジャンって、ひもじいじゃん！,3.5,2
どうせ居合い抜きは、同性愛抜き。,3.6,3
教師総辞職。転職先は妥協し、掃除職。,3.5,2
「肛門貸せ」と乞う、門下生。,3.3,3
ガールハントがある半島,2.5,2
カイワレ草みたい、とか言われそう,3.6,3
価値観か、痴漢,3.0,1
無我夢中の塚地武雅,2.0,1
お子さん起こさん?,3.0,1
皮革を比較,2.0,1
ゴンの伝言,2.0,1
メスが示す,2.0,1
オスを押す,2.0,1
犀さいなら,2.0,1
ハンターになるの反対,2.0,1
童顔が見る動画,2.0,1
ゴメス御免す,2.0,1
豪雨を降らせる郷ひろみ,2.0,1
麺を撮るイケメン,2.0,1
毎号で迷子,2.0,1
メイドに冥土のお土産,3.0,1
雌鳥育てるの面倒,3.0,1
カカオマス食べて顔増す,2.0,1
大砲持って逮捕,2.0,1
別記を書くベッキー,3.0,2
黒板の復刻版,3.0,1
比奈待つひな祭り,3.0,1
アナルが気になる,3.0,1
中居のトナカイ,2.0,1
アゼルバイジャンって、焦る、倍じゃん!,3.0,1
アマゾンにある、尼ゾーン。,3.0,1
ジンジャーエールで、人事、遭える?,3.0,1
端午の節句に、丹後でセックス！,3.7,7
海自の情報開示,2.0,1
一体、遺体はどこに?,2.0,1
脳波のノウハウ,2.0,1
サイボーグのサイ、防具を着ける。,2.0,2
どれが奴隷?,2.0,1
荒井内科に、コアラいないか?,3.5,4
イージス艦こんごうの今後,2.0,1
日興コーディアルの詳細はこうである,3.0,1
ギレンの議連,2.0,1
目が見えない女神,2.0,1
オノヨーコ、斧よこせ！,4.0,1
セット工事する瀬戸康史,4.0,1
もう体内？ もったいない！,3.0,1
馬鹿が暴かれる,2.0,1
さっき、殺気を感じた,2.0,1
時差遅れて痔さ,3.0,1
資源化して市元気,2.0,1
五万でゴマ買う,2.0,1
水戸黄門の肛門見とこう,3.5,2
今わし、忌まわしい,3.0,1
胃潰瘍一回用,3.0,1
獲物はエエ物,2.0,1
面談するのごめんだ,2.0,1
歌舞細工するブサイク,2.0,1
永井は長生き,2.0,1
さかなクン魚食う,2.0,1
僕のジュースは墨汁,2.0,1
奈津子に懐こう,2.0,1
春高に行く太田治子,2.0,1
片割れの肩割れた,2.0,1
もろ味モロ見て〜,3.0,1
死海行って、詩書いて,2.0,1
マーカ真っ赤か,2.0,1
孟宗の被害妄想,2.0,1
単座機で向かうタンザニア,2.0,1
筒をつつく。,2.0,1
あの衣装、奨励賞受賞。,2.0,1
「1、2、3、ダー！」と言ったのは、ユウイチ兄さんだー!,2.0,1
皇帝は肯定した,2.0,1
審査員が、新サイン!,3.0,1
レインボー、これ陰謀。,3.0,1
蘇我入鹿はいるか?,2.0,1
立ち見でTouch me!,3.0,1
いさぎいい詐欺師,2.0,1
花魁見たイラン人,2.0,1
広島に行くヒロシ,2.0,1
石炭卵食べるピーター,2.0,1
コペンハーゲン行って、てっぺん禿げた,3.0,1
さだまさしをサァ騙さしてやろうか?,3.0,1
カンヌで缶抜いた,3.0,1
マルコメが困る米,3.0,1
スケータ選手、酢蹴ったー,2.0,1
十人十色な住人といろ!,4.0,3
サバンナにのさばんな!,3.5,2
鯖一枚、捌いちまいな!,4.0,1
健康診断 兼 行進だ,3.0,3
子豚がたんこぶ叩いた,3.0,1
芋六個、口に銜えたモロッコ人,3.0,1
カブール人と服かぶる,2.0,1
カットソウを買ったそう,3.0,1
向こうは無効か?,2.0,1
連行!連行!と連呼,2.0,1
オハイオからおはよう,2.6,3
ビルマのビル,2.0,1
お茶どう?と聞くチャド人,2.0,1
壇踏み外した、壇ふみ,3.0,1
砂糖見て買うたろうか?里見浩太朗,3.0,1
偉大な橙色,3.0,1
ソルト何剃ると?,2.0,1
効くか霊に?と疑う菊川玲,3.0,1
ジーコ事故,2.0,1
講習会が開かれたのは、甲州かい?,3.0,1
家でダイエット,1.5,2
出不精のデブSHOW!,4.0,8
幼稚性に酔う知性を夜討ちせーよ!,3.5,2
東京大学浪人した兄弟が苦労人。,2.5,2
その事故については時効,2.0,1
伊豆にサプライズ,2.0,1
反抗期に、ハンコ置きたがる。,3.0,1
厳島神社を慈しむ。,2.0,1
佐渡でサドンデス!,3.0,1
井戸に挑む,2.0,1
他の染みが、楽しみ。,2.0,1
いっそ、磯まで,2.0,1
これは試練かも知れん・・・,2.0,1
代打が、まだいた・・・,3.0,1
投資の後押し,3.0,1
三味線持ってクシャミせんといて!,4.0,1
音止まない富山県,2.0,1
顧問の肛門,2.0,1
開聞で買いもん,2.0,1
鰓を選ぶ,2.0,1
バレッタで不倫ばれた,3.0,2
うの何買うの?,2.0,1
ノムさん頼む,2.0,1
瞳孔と同行,2.0,1
銅鑼を持ったドラえもん,2.0,1
ミジンコを微塵切り,2.0,1
波佐見で鋏買う,2.0,1
未だ口実を言えない今田耕司,4.0,1
コックは酷,2.0,1
ダイソーに、まだいそう・・・。,4.0,1
関与したら、アカンよ!,2.5,2
今日の朝刊、超感動した,2.0,1
キャベツを持った友人、きゃっ！別人？,3.0,1
デ・キリコのナイフで切込みを入れる。,3.0,1
バーテンダーがんばってんだー,2.0,1
チンコかちんこちん,3.5,2
僧侶臭い総力祭,3.8,5
ホモ訪問,2.5,2
ジョビジョバの常備乗馬,3.0,1
花粉症には、赤フンっしょ？,3.0,1
古典こてんぱんにやられたわ〜,2.0,1
商用にしましょうよ！,3.0,1
バイアグラで、倍、あぐら！,3.0,1
先入観を持って潜入か？,2.0,1
前妻の作る前菜,2.0,1
デスクの上でスクワット,2.0,1
カブスの株っす,2.0,1
クルーソーが来るぞぉ,2.0,1
クルーソーが、狂うそうだ。,2.0,1
今褒美をやる魔法瓶,3.0,1
センターの選択,2.0,1
四万十川に貸しマント置いてきた,3.0,1
旦那の花壇な,3.0,1
マウス、マァ〜薄,2.0,1
横転して顔打ってん,3.0,1
シンナー知んない,2.0,1
化合物、ニオイ嗅ごう！,2.0,1
サラダシリアルは、皿出しリアル！,1.0,1
まつぼくりを待つ僕,3.0,1
上川、髪乾かして！,2.0,1
宗谷が言いそうや,2.0,1
パートしてアパート借りる,2.0,1
石乾かす石川県人,2.0,1
微糖好きなビートたけし,1.0,1
イチャイチャしていいチャンス,1.0,1
お題、ちょうだい！,2.0,1
スリが薬でグッスリ！,2.0,1
墓石(はかいし)を破壊しよう！,3.0,1
可動かどうか,2.0,1
マツケンのまつ毛,1.0,1
減給について言及する,2.0,1
気候の話を聞こう,2.0,1
可視化したのは菓子か,3.0,1
若い子と和解した。,2.0,1
司会者の視界,2.0,1
タコ飯を炊こう,2.0,1
懸命にケンメリ,2.0,1
指紋の件を諮問,2.0,1
罠とは思わなかった！,2.0,1
冷たくて、凍るど〜(cold)！,2.0,1
たくわんを釜で炊くわん。,2.0,1
前髪で前が見えない,4.0,2
おばちゃんがプールに落ちた「お！！！！」バチャーン,3.0,1
伊豆の場所はいずれ分かる,2.0,1
カルメンが刈る綿。,3.0,1
まさかマッカーサーがっ,3.0,1
同乗者に同情,2.0,1
山田まりやや、まー黙りや,4.0,1
トップガン観てたら、突風が・・・！,3.0,1
有り難がってる蟻がたかってる,4.0,1
厚木市用に、厚着しよう！,4.0,1
マスタングに乗るマスター、Good！,3.0,1
シューマッハの週末は？,2.5,2
佐藤拓磨が、砂糖炊くマネ！,3.0,1
コバライネンの小腹、いぃねん！,2.0,1
ダルビッシュが飲む、樽美酒！,3.0,1
江川卓の、前側くすぐる！,1.0,1
カーペンターズは、かかあ天下〜！,1.0,1
オーランド・ブルームは、オールラウンド、ブルー！,3.0,1
ご婦人の布陣,2.0,1
焼きタラコ食って、飽きたら告って！,3.5,2
千疋屋は、巨泉びいきや〜,3.0,1
モーグルやって、もうグル！,3.0,1
禁固刑になった、雪ん子系。,3.0,1
ミルミル飲んで、みるみるミル見る！,3.0,1
ミルメークは、染みるメイク。,3.0,1
エリカ様が、朝帰りか？,3.0,1
オマルにオマール落とした・・・,2.0,1
駅前では気前がええ,2.0,1
香川からかが分からない,2.0,1
団塊世代の座談会,3.0,1
独身の読心術,2.0,1
均等に分けた胡錦濤,3.0,1
イチジクを、一字一句見逃すな！,3.0,1
宮内庁って、遠くない？,2.0,1
越冬ダイエット,3.0,1
寒中で缶チュー,3.0,1
おしめを指名,3.0,1
芝を入ったらしばくぞ,2.0,1
歌で訴える！,2.0,1
ニッキーちゃんの日記,2.0,1
糸売らんと言う伊藤蘭,3.0,1
副住職に服従,2.0,1
みのが美濃に行く,2.0,1
イーデス・ハンソンさんはいいです。,2.0,1
休憩後に求刑,2.0,1
デロンギで、論議！,3.0,1
高齢化の原因はこれか,3.0,1
奈良市で慣らし運転,3.0,1
マッコウクジラと真っ向勝負,2.0,1
遺産の計算,2.0,1
私大生の舌いいぜぃ,2.0,1
仮想の火葬,2.0,1
冒険家が喧嘩,2.0,1
県下で喧嘩発生,2.0,1
いしだ壱成は、いい私大生。,2.5,2
医師団の石田さん,2.0,1
ようかんはよう噛んで食べろ,3.0,1
入退院を繰り返すニュー隊員、送り返す,4.4,32
漫画どこ？ここにありまんがな。,3.0,2
今日のスケットは恭介っと,3.0,1
クラークの部屋が暗ぁ〜くなる。,3.0,1
ばんそうこう貼った人音楽家が「伴奏こうやるんですよ〜」,2.0,1
鞍馬で姿をくらます。,3.0,1
この鶏肉取りにくいな,2.0,1
冬のソナタを見てたのはそなたか？,2.0,1
俺って癒し系？いや失敬,3.0,1
「粒焼いた」と呟いた。,3.0,1
藁割れたから笑われた。,3.0,1
ロタウィルスとはワロタ,2.0,1
汚らしい方が来たなら仕方がない,4.0,1
トートバッグ持ったままウトウト,3.0,1
真っ二つのマップ立つ！！！！！！！！,4.0,1
有田家のありったけ,3.0,1
東京タワーの特許取ったわー,2.0,1
牧師は僕しかいない,4.0,1
仮面が噛めん！！,2.0,1
オーケストラの『オ』を消すトラ,3.7,9
托卵を企んでいる。,3.0,1
テニスプレーヤーの手にスプレーや！,3.7,4
犬の心臓がドッグドク,3.0,2
ウガンダの人は、童顔だ。,4.0,2
マレーシアの人に今、礼しやがれ！,4.0,1
ウクライナの王暗いな……。,4.0,1
レバノンでレバー呑んじゃった！,3.0,1
ペイントするスペインとかの人。,3.0,1
ソウルで紫蘇、売る。,3.0,1
ハノイには歯のいい人ばかり……。,3.0,1
韮をマニラで食べた。,2.0,1
この籠、シカゴで買った。,3.0,1
アテネの写真、ピント合ってね〜！,3.0,1
田中の棚からおちてきた〜。モナカも中からおちてきた〜。,3.0,1
ショベルカーはしゃべるかぁ〜。,2.5,2
瓶を割ってガビーン。,2.0,1
書道セットを衝動買い,3.0,1
最終会に、サイ、集会。,3.0,1
晴れたから、歯腫れた,2.0,1
棺桶開ける前に缶おけ,3.0,1
銃が十丁,2.0,1
広州人の公衆の面前での口臭,3.0,1
博多までの距離を測った,3.0,1
ラオスで、腹押す。,3.0,1
紳士の寝室,2.0,1
斉藤さんが、再倒産！,3.0,2
ボビーのホビーは何,2.0,1
部長デブっちょ。,2.0,1
ルーマニアにいるカレールウマニア。,4.0,1
災害時に見る動物は、サイがいい！,3.0,1
発火したことが発覚,2.0,1
シメ鯖もらってシメシメ,2.0,1
第九を歌う大工,2.0,1
キム・ヨナ見ると、力むよな〜,4.0,1
桐のタンスにきりきりまい,2.0,1
甲府の人はみな幸福,2.0,1
市議が詩吟,2.0,1
カブレラにかぶれた,3.0,1
製薬業の制約,2.0,1
サウスポーがサンスポ買う,2.0,1
市民によるシミ,2.0,1
嘘もバーレーンでならバレん,2.0,1
坊主がBOSEのスピーカ買った,2.0,1
新しい胡椒の呼称,2.0,1
居直った稲尾さん,2.0,1
荷物は奥多摩に送ったまま,3.0,1
スリッパがかすりっぱなし,3.0,1
髪紫のミムラ,3.0,1
ハンカチ、半価値！,3.0,1
ムッシュかまやつ体臭無臭,3.0,1
アヒル見てたら、ア、昼だ,2.0,1
魔法瓶見て、アソコビンビン,2.0,1
そっくりの徳利,1.0,1
シエロの使い方、教えろ！,3.0,1
計算苦手な婦警さん,3.0,1
アリーナのチッケト無くてわりーな！,1.0,1
近くの地下,1.0,1
高速路上で拘束,2.0,2
内海さん打ち身,1.0,1
予選出るのはよせ,3.0,2
滑稽な烏骨鶏,3.0,1
そうだ、争奪戦だ,2.0,2
末梢神経を抹消！,3.0,2
ネルーが寝る,2.0,1
任天堂の絵、似てんど〜！,3.5,2
ノルウェー人が乗る上に,3.0,1
チベットに行き、父ベットで永眠！,3.0,1
爽感するのは、そう簡単じゃない。,2.0,1
足つった亀を思う、ツタンカーメン王,2.0,1
すまんと謝るタスマン,2.0,1
ビル曲がったらビルマ,4.0,1
アジアの鯵味気ない,2.0,1
ウンマの料理ウンマ,2.0,1
2個ライター買う、ニコライ2世,2.0,1
改定したいことを書いて,2.0,1
エリカの目当ては、営利か？,3.0,1
毎日パソコンのリカバリばかり,3.0,1
威嚇する計画,3.0,1
内覧会に、女いらんかい？,4.0,1
アトランタに持って行くのは、あとランタン。,3.0,1
ティラミスを、チラ見する。,3.0,2
サイパンで拾った野菜パン,3.5,4
後任を公認,2.0,1
子ウニの後任,2.0,1
半場の後で販売,2.0,1
実験棟で検討,2.0,1
10バーツで、天罰！,3.0,1
零細企業の冷菜,2.0,1
能登への途に,2.0,1
硝酸販売の勝算,2.0,1
ロバ連れて炉端焼へ,2.0,1
ヘルシンキでは減る新規契約。,3.0,1
信濃に行くのは至難の業,3.0,1
阿波で慌てる。,2.0,1
美濃に実る。,2.0,1
安芸は飽きた。,2.0,1
佐渡で茶道。,2.0,1
羽後で動く。,2.0,1
高岡で鷹を飼う,3.0,1
妙高で見よう、紅葉を。,2.0,1
磐田で祝った。,2.0,1
吹田にいたら、腹空いた。,2.0,1
本栖湖にもっとスコール降ってほしい！,2.0,1
北岳に来ただけ？,3.0,1
木曽川の基礎がわからない。,3.0,2
うるま市で売るマシン。,3.0,1
倉敷に行くらしき人。,3.0,1
マントを四万十市で売る。,2.0,1
伊丹で怪我して痛みます！,2.0,1
敦賀市で鶴が死んだ！,3.0,1
飯田でいいんだね？,3.0,1
伊那に行くの？いいなァ！,2.0,1
佐久に咲く桜。,2.0,1
双葉で麩、束ねる。,2.0,1
小千谷でおじやを食べる。,2.0,1
宇都宮では打つのみや！,4.0,4
春日部で貸す壁。,2.0,1
水戸で看取る姿に見とれる。,3.0,1
高崎で貸した傘昨日返された。,2.0,1
喜多方に来たかった！,3.0,1
富良野に雪は降らんの〜。,2.0,1
糞が噴火,2.0,1
片手で勝ったって。,3.0,1
糖尿のお父に、用。,3.0,1
伝道師用のおでん、どうしよう？,3.8,12
ラムネを恨むね・・・,3.0,1
非行から更生して飛行兵に,2.0,1
ういろう売ろう,2.5,2
富士で封じて,2.0,1
縁切るのは延期,2.0,1
外資製の碍子(ガイシ),2.0,1
ホタテが穴を掘ったって。,3.0,1
交友関係はこう言う関係,3.0,1
酒店を避けてんのか？,4.0,1
貴公子が帰港した。,3.0,1
テロリストのリスト,1.5,2
爺が辞意,2.0,1
炎上事故で援助,2.0,1
シャーレ貰った謝礼,3.0,1
バイオの培養,2.0,1
有志が融資,2.0,1
タス通信の記者が多数,2.0,1
公開はこうかい？,2.0,1
金融界は愉快,2.0,1
フッキ退団で吹っ切れた,2.0,1
次期総統は相当ヤバイ,2.0,1
総統はグラスをそぉっと置いた,2.0,1
バングラデシュのアングラでしゅ,2.0,1
このスパイスは酸っぱいッス！,3.0,1
ナイキのくつ買わない気？,3.0,1
国産車に乗るコックさん,3.0,1
結婚式の司会者をする歯科医者,3.0,1
人見知りな瞳,2.0,1
まりもっこりで、岡部まりモッコリ！,3.0,1
釜に構うな,2.0,1
里田まいの砂糖だ、うまい！,3.0,1
ナインがいないん,2.0,1
一休、1球投げて,2.0,1
地区でちくりあい,2.0,1
冬季の陶器,2.0,1
コンディションは、こんでいいっしょ？,3.0,1
新潟市に鋳型師,4.0,1
外勤の管井きん。,3.0,1
まさしく君はまさし君！,4.0,2
カツラか、面(つら)を貸せ。,2.0,1
空間で食う缶詰。,2.0,1
「国土交通省の娘、口説こう」っつー衝動,4.0,1
メンズのお面、ずれてる。,3.0,1
自腹でY字バランス。,3.0,1
ドライブスルーでドライブするー？,2.0,1
凶器に、今日気が付いた。,3.0,1
物証があったら、喜ぶっしょ？！,3.0,1
カプサイシンの株、最新！,3.0,1
ライラの冒険で、イライラ！,3.0,1
核兵器使っても、とにかく平均！,3.0,1
甲子園で講師援交,3.0,1
天かす食べる、橋本甜歌,3.0,1
缶コーヒー飲んで観光費を払う,3.5,2
フォー食って、フォークダンス,3.0,1
川合さん可愛い,2.0,1
コロンが転んだ,2.0,1
天候で転校,2.0,1
娘を蒸す目,2.0,1
鳶が飛び抜ける,2.0,1
許嫁いていいな,2.0,1
携帯の角だけ、痛い。,3.0,1
おならを鳴らす。,3.7,4
わさび1つはさびしい。,3.0,1
スピーカーがカスピ海に落ちた。,3.0,1
眼科医の病気は、癌かい？,4.0,1
紅葉を見に行こうよう！,3.0,1
靴下は退屈した。,3.0,1
アイツは磯にいそう,2.0,1
吉野作造の写真を裂くぞう！,3.0,1
下っぱのタッパー,3.0,1
うさぎを追う詐欺師,3.0,1
バリオン頑張りおん,3.5,2
このパソコンDELLモデル？,3.0,1
下級生が変化球セイ！,3.0,1
スイッチを押す位置,3.5,2
下敷きを使用した時期。,3.0,1
館長にかんちょうしたペリカンチョウ,3.0,1
駄菓子を食べられず死んだ、餓死。,3.0,1
今日の文化祭は多分、傘要る。,3.5,2
アムロのグアムロケ,4.0,2
バネの屍,3.0,1
墓参りに袴いりますか？,4.0,3
家康の家、安！！家光の家、3つ。家忠の家、タダ！,4.0,3
胃腸の調子が良い調子,2.0,1
コスタリカで腹こすったリカちゃん人形！,3.0,1
これは、ダニだに！,2.0,1
夫姓を名乗るオットセイ,2.0,1
この潜水艦のセンスいかん！,3.7,8
ぶら下がったら、ブラ下がった！,4.0,1
マッチが間違う,2.0,1
南海キャンディーズの2人、何回キャンディ舐める？,3.0,1
ヤドカリに宿借りる,3.0,1
羽が跳ねる,2.0,1
大人の顔となる,2.0,1
アジカンの時間だ！,2.0,1
武道館でブドウ噛んだ。,4.0,1
さくらんぼを割くランボー,4.0,1
ここ、海だしー(sea),2.0,1
子:「F1の選手になりたいんだけど・・・」親:「え〜、不安・・・」,3.0,1
ヒロインの家は、広いんです。,4.0,1
外科医はハゲかい？,4.0,1
頂上から滑るのは、超上級者じゃないとだめだ！,2.0,1
サイゼくさいぜ！,4.0,2
馬券を千葉県で買った。,3.0,1
脳トレ中にNO！と連呼する。,2.0,1
まつ毛を待つゲーム。,3.0,1
プリンターの横でプリン食べる。,3.0,1
中尾、変な顔ww,3.0,1
バースデーに『イナイイナイバーすんでぇぃ？』,4.0,1
オオカミがトイレに行きました『OH、紙がナ〜イ』,2.0,2
一期生みんなで一揆せぃ！！！！,4.0,1
タスマニアのレタスマニア,3.9,14
若い衆は改宗,3.0,1
一週間の習慣,2.0,1
レーサーは華麗さー,3.0,1
女将をお噛み,3.0,1
シャリがしゃしゃりでる,2.0,1
檻で仲直り,2.0,1
寄付する貴婦人,2.0,1
鴨カモーン,3.0,1
メリケン粉でメリー健康,3.5,2
金具とか殴ってみる。,3.0,1
しょうがないでしょうが！,2.0,1
浩宮様が拾うのみや！,2.0,1
宇都宮の患者は、うつのみや！,3.0,1
仕立屋から、下ろしたてや！,4.0,1
最中もうなか,3.0,1
ゆずが柚子を譲る,3.0,1
機嫌いい期限,2.0,1
銅賞だけどどうしょ？,3.0,1
細かい駒かい？,3.0,1
感無量で、缶無料,3.0,1
モナルお腹もうなる,3.0,1
緒方さんはО型,2.0,1
卸だねを下ろしたね,3.0,1
雄を倒す,2.0,1
監視したら行かんし！,3.0,1
宍戸錠の獅子同情,4.0,1
緒形拳のペットは、大型犬！,3.5,2
ソープ嬢への送付状,3.0,1
綿花を詰めんか！,3.5,2
ナイフで切れない麩。,3.0,1
階段の臭い、かいだん？？？,3.5,2
迷路にメロメロ♪,2.0,1
4月に入って足がつる,2.0,2
破天荒な人は転校,3.0,1
火炎が買えん,2.0,1
KREVA来れば,2.0,1
鋏を挿み入れた,2.0,1
フリーの振袖,2.0,1
綿棒使って、面目ない。,3.0,1
モロッコ着いても肋骨痛え,3.0,1
お稲荷さんの言いなり,3.0,2
カメルーンの亀ルンルン,3.0,1
南極で難局を乗り切る,3.0,1
サハラ砂漠で、さあ腹切ろう,4.0,2
難敵なんて嫌い,3.0,1
密使でみっしり,3.0,1
書記長、小吉よ,3.5,2
マスクマンとはまず組まん,3.0,1
今朝方には袈裟があった,3.0,1
西伊豆にシーズー,3.0,1
日産の車に乗って、日参する,2.0,1
ヨルダンで夜ダンスする,3.0,1
鴨の好きな若者。,3.0,1
イチローが一浪,3.0,1
くるぶしを持ってくる武士,2.0,2
スカンジナビアは好かん！,2.0,1
コラ半島でコーラを飲む,2.0,1
チーズを食べるマルチーズ,2.0,1
マリオが、土管にはまりおった,3.8,9
昭和のショーはどう？,3.0,1
細々と暮らす祖母,3.0,1
矯正は今日せい,3.0,1
腹部を拭く部長,3.0,1
コソボの故祖母,3.0,2
さきイカ、先いいか？,3.5,2
北朝鮮だからできた挑戦,4.0,2
通貨使うの普通か,3.0,1
講師 近藤が、公私混同・・・,4.0,1
復興したから尻拭こう,2.0,1
椿三十郎さん、重労働する。,2.0,1
土管でどう感動する？,2.0,1
井伊直弼が言葉を言い直す系。,4.0,1
スイミングの後の睡眠Good〜！,4.0,1
ようやく予約済ます,3.0,1
オゾン層で大損！,3.0,1
移転していい点数つける,2.0,1
歯に炒り子が入り込む,3.0,1
マットレスでまっとうです。,2.0,1
疲労の体披露,2.0,1
一反もめんといったん揉める,3.0,1
戒めに今閉める,4.0,1
ハッカーの墓,2.0,1
試写会に出た死者かい？,4.0,1
マッカサーの手真っ赤さー,3.0,1
カラスミ食べるカラス見過ごす,3.0,1
ゲロしたけど持ちあげろ,2.0,1
警備員のケビン・コスナー,3.0,1
白衣の天使が吐く息,3.0,1
仮名がわかる神奈川県,3.0,2
鴨叱るカモシカ,3.0,1
優香、余裕か？,3.0,1
しどろもどろの、獅童もドロー,3.0,1
チビがオシッコちびった,2.0,1
蓮根持った人連行,2.0,1
菓子をペアにできたカシオペア,3.0,1
姪が名前を命名,2.0,1
檻強盗するオリゴ糖,3.0,1
師に対抗した、死にたい子！,4.0,1
アルマジロを見た東次朗,2.0,1
死後で私語,2.0,1
民家で仮眠か？,3.0,1
奄美の雨水,3.0,1
池ないので行けない,2.0,1
欠航なら、結構だ！,2.0,1
群馬の海軍間に合う,2.0,1
街道歩くの一回どう？,3.0,1
パンダのアンパンだー,3.0,1
雌で試す,2.0,1
今いいミキサー持ってる今井美樹さー,4.0,1
すり身を食べスリ見逃す,3.0,1
気まぐれなGLAY,3.0,1
加減知らない臭さで嗅げんか,2.0,1
改装したらあの人買いそう,3.0,1
家運のカウント,3.0,1
綱を繋いだ,2.0,1
乳頭めがけてケーキ入刀,3.0,1
コレクターこれ食ったー,3.0,2
うちは団扇ない。,2.0,1
マスタードを食べるマスターどう？,4.0,3
ハンカチを取ったオバハン勝ち。,4.0,1
穴戸開の獅子どうかい？,3.0,1
クーラー見て目が眩んだ,2.0,1
ささくれたから笹くれた,3.0,1
股間交換,3.0,1
性転換して気分晴天か？,3.0,1
ひこにゃん見て非行ニャン,3.0,1
カナダの魚だ。,3.0,1
戦争はもうせん！そうだ。,2.0,1
浅草寺で、戦争じゃ！,4.0,1
パチンコ台でパパ、チンコ打つ！,4.0,3
アリバイある蟻バイバイ,3.0,1
アソコ洗うコアラ,3.0,1
真木よう子の薪ようこそ,3.0,3
紺野まひると居たら、こんな真昼・・・,3.0,1
芸子さんにゲイ降参,4.0,1
舞踏会に行く葡萄かい？,3.0,1
限られた鍵だ,2.0,1
CONVERSE見てたら、紺バス来た,2.0,1
アフリカで「ア、ふりかけ！」,3.0,1
時差ボケの痔さ,2.0,1
挽肉を引きに行く,3.0,1
鳥の霊が憑つく,2.0,1
ブーツで、頭部打つ,3.0,1
赤坂サカスでサーカス見る,3.0,1
チゲにチゲえねェー,2.0,1
10万人いたから、匂い充満・・・,2.0,1
温度差感じる音頭さ,3.0,1
生活の成果2,3.0,1
課外専門の凱旋門,4.0,1
席取り合いする関取,3.0,1
酪農は楽のう〜,3.0,1
心電図撮って人死んでん。,3.0,1
春見に行くエドはるみ,2.0,1
コナンが子なん？,3.0,1
弥生時代･･･いや〜良い時代だ。,2.0,1
月水土は下水道日,3.0,1
現役な原液,2.0,1
ゲテモノ料理食べさすゲーテ,2.0,1
内閣に人がいない確率。,2.0,1
家庭教師か？提供したの。,3.0,1
俺のベンツに大便付いた,3.6,3
モトクロスで、もっと苦労する,4.0,1
ガス止まるガスト,3.0,1
キットカット食べて、きっと勝とう！,3.0,1
祖母は粗暴,2.0,1
線香は1000個必要,2.0,1
岩って怖いわ,2.0,1
体脂肪ある鯛死亡,3.0,1
シスレーが、ちょっと失礼！,3.0,1
酪農家は、よう働くのう〜,4.0,1
鈴木英人は、えぇ人生やな〜,3.0,1
エグザイルとヤンエグ、ザイールへ。,3.0,1
じゃあ魔物は邪魔者,2.0,1
レーニンの支持者、0人・・・,3.0,1
寒風摩擦で完封魔娑斗,2.0,1
ジキル役を演じ切る,4.0,1
築地で待つ気じゃ！,3.0,1
乾パンをカンパ,2.0,1
ハトバスを飛ばす,2.0,1
血行よくてそりゃ結構〜。,3.0,1
降伏だけに幸福だ,2.0,1
オクラを遅らす,2.0,1
ツナで命繋いだ,2.0,1
アンカーの餡かー？,2.0,1
メンバーに麺バー,2.0,1
懸命な県名,2.0,1
柵を裂く,2.0,1
総合だから急ごう,2.0,1
ケミストリーの受身ストーリー,4.0,1
電卓でおでん炊く,2.7,4
一向一揆で、IKKO 一気！,3.0,3
死体としたい,2.0,1
個室に入った子しつこい,3.0,1
意中の相手に、いいチューできた？,3.0,1
シーサー胸Cさー,3.0,1
為末大を試す絵だ〜い,3.0,1
殿下の電化製品,2.0,1
アイドルの愛$,2.0,1
ごくせん、5区占拠！,3.0,1
カミング後の仮眠Good~！,3.0,1
桑には詳しい,2.0,1
覆面は含めん,2.0,1
身取っ手から看取って,2.0,1
ガラクタで胃が楽になった,3.0,1
初期の食器,2.0,1
トラウマの虎埋まった,3.0,1
新喜劇に新規激震,2.0,1
求婚されない球根,2.0,1
狭い迷路を通るマイメロ,3.0,1
屑を崩す,2.0,1
ルイージ、悪いじ〜,2.0,1
香水つけるのこすい,2.0,1
基地外のキチガイ,3.0,1
小ネタで、だだこねた。,3.0,1
バチカンのババァ痴漢,3.7,4
西武が全部セーブ,3.0,1
未来を映したミラーイイ！,2.0,1
喧嘩で意見か？,2.0,1
ネットで熱湯,2.0,1
ナゲットを投げとる,2.0,1
年始は寝んし,2.0,1
風呂敷が風呂仕切る,2.0,1
叱り方がシッカリした,2.0,1
中間のチューか？,2.0,1
青山テルマはホテルマン,3.0,1
血統書付きと決闘しょ！,3.0,1
盾を立て直す,2.0,1
イクラの暮らしいい暮らし,3.0,1
シクラメンに敷くラーメン,3.0,1
高菜炊かない？,2.0,1
ホームルームで葬る,4.0,2
放火するの違法か？,3.0,1
オカンのお考え,3.0,1
「今起床したの？」「キショ〜」,3.0,1
感銘する缶め〜,2.0,1
お迎えにくるオウムか？,3.0,1
尺取虫に釈取り乱す,3.0,1
遊牧民に言う僕,3.0,1
歯向ったのでハム買った,3.0,1
みつかん見つかんない,3.0,1
ハイドの拝読書,3.0,1
シンナー安心ナー,2.0,1
多摩川はあたまが悪い,3.0,1
鹿児島で籠しまう,3.0,1
前橋の前歯死んでる,4.0,2
二階に何かいる？,3.0,1
飛行機内での非行気になる,3.0,1
山形で撃った矢曲がった,3.0,1
菅野美穂が缶飲み干す。,3.0,2
目薬でメグ、スリ・・・,2.0,1
大歓迎の代官、ゲイ・・・,4.0,2
モアイには、もう飽いた・・・,3.0,1
しょこたんの書庫、堪能。,4.0,1
ベンツで便通,3.0,1
裕木奈江が、言う気萎える・・・,4.0,1
パジャマのパパ邪魔,2.0,1
内定した人、泣いていい？,3.0,1
パパ肉を食べただけで、パニック,3.0,1
PRしたコピーある？,3.0,1
欲張りだから、性欲バリバリ。,2.0,1
ハイカラさんが肺から通る,3.0,1
通貨が貫通か,3.0,1
今井悠貴から今いい勇気もらう,3.0,1
一途ないいチーズ,3.0,1
大臣お大事に,2.0,1
カケルを追いかける,3.0,1
SALEに焦る,2.0,1
ボツワナで、ボツはないか？,3.0,1
ダンカンの花壇か？,2.0,1
ナウルの粉売る,3.0,1
エスカレータ乗った、S彼いた？,3.0,1
お店出すとこお見せします,3.0,1
グータン見て人殴ったん,2.0,1
ボツワナの物でボツわないか？,3.0,1
1万光年のマンコね,2.0,1
山本耕史が、山もっと工事。,3.0,1
水しまうヒーロー、水嶋ヒロ。,3.0,1
ファンケルのファン蹴る,4.0,1
ジョーカーの彼女か？,3.0,1
模範解答の桃、半解凍。,4.0,1
性行為に成功,2.0,1
刀ないから、勝たない,2.0,1
辛抱する食いしん坊,3.0,1
ルーキーズ見たらやる気ずっとでん。,2.0,1
門が一環した門外漢,3.0,1
鎮火したチンカス,4.0,1
推古天皇の推敲,2.0,1
トロとろい,2.0,1
四面楚歌でしめそうか,3.0,1
牛蒡で御坊抜き,3.0,1
駒ヶ根市の棋士は、駒がねぇし・・・,4.0,2
ファンケルのファン蹴る,3.5,2
鏡、先に見る、加賀美早紀,3.0,3
子はカスがいいと言うが、子はかすがい,3.0,1
お知り合いのお尻愛する,2.0,1
返還するの変か？,2.0,1
向井さんMかい？,3.0,1
赤外線で席が一線に並ぶ,2.0,1
センセーションで先生ション便,3.0,1
まな板に茉奈いた,3.0,1
サックを裂く,2.0,1
四季の景色,2.0,1
判決で半ケツ,3.0,1
愉快な誘拐犯,2.0,1
不気味な武器見た？,3.0,1
グッチ裕三の、愚痴言うぞう！,3.0,1
ジージャン着た爺ちゃん,3.0,1
検問したら行けんもん,2.0,1
てんとう虫が、テントを無視！,4.0,1
生死をかけた精子,2.0,1
扁桃腺が全然返答せん,3.0,1
アジカンが鯵噛んだ,4.0,1
スイマーを襲う睡魔,3.5,2
期末で危機待つ,2.0,1
ふんだんに使った糞だ,2.0,1
イイカーテンには勝てん,3.0,1
乙女、王止めて,2.0,1
舘ひろしがタッチ披露した,3.0,1
ヒロシマに行くヒロシ待って。,2.0,1
ゲイ人気の芸人,3.0,1
軍団の匂い嗅ぐんだ,3.0,1
盾ないから立てない,2.0,1
ワインに弱いんです,4.0,2
友近、いいとも地下で収録。,2.0,1
妻、集まって！,2.0,1
パパ、ズルしたパズル,3.0,1
クドカンを口説かん,3.0,1
鮮明な1000名,2.0,1
消化にいいもの紹介して,2.0,1
シンメトリーで新芽取り,3.0,1
アメールで何編める？,2.0,1
遊具を優遇,2.0,1
十中八九で、手術中ハック！,3.0,1
門外漢の、肛門がイカん！,4.0,1
世紀魔2が、性器待つ・・・,3.0,1
遣唐使のケント紙,3.0,1
モスクでは、腹もすく。,3.0,1
ザブングルの文具,1.0,1
盗塁王が、糖類追う。,4.0,2
コンスターチをコーン吸うタッチ,3.0,1
まな板だとママ泣いた・・・,3.0,1
起死回生の騎士返せ,3.0,3
考え中に、缶がええチュー,3.0,1
石破大臣、意思ば大事に,2.0,1
インドのコインどう？,3.0,1
二酸化炭素で、兄さん短足・・・,3.0,1
WaTが祝っとる。,3.0,1
キューサイが好きな九歳,2.0,1
酒豪の人集合,3.0,1
デンマーク人が、おでんマーク！,3.2,5
弁慶便行け！,2.0,1
好スタートのコースター,3.0,1
胎児を退治,3.5,2
ルネサンス、やるね算数,3.0,1
パトカーに乗る人、パートか？,4.0,1
バーレーンで死んだら、浮かばれん,3.0,1
中田さんのなかった。,2.0,1
ミシガンで耳志願,3.0,1
貴公子張りの亀甲縛り,2.5,2
羽交い締めで、羽賀イジメ！,4.0,2
タイクーンと、また行くん？,3.0,1
チンチン、パンジーに押し込むチンパンジー,3.0,1
テレタイプは日テレタイプ,3.0,1
砂糖愛するさとうあい,3.0,1
アルカイダに伝わる、ある怪談。,3.0,1
ビーカー好きのバービーか？,3.0,1
ハーモニカのハーモニーか？,3.0,1
セントーバーナード、ごくせんとバーナーどう？,3.0,3
辞書見て、爺ショック,3.0,1
キリシタンの霧吸ったん？,3.0,1
テネシー行ってねぇしー,3.0,1
子役はこう焼く,3.0,1
Gショックで、爺ショック！,3.0,1
ホームルームで葬る,3.0,1
ウガンダが拝んだ,2.0,1
倦怠期にはケンタッキー,3.0,1
優等生、YOUとせい！,3.0,1
平行四辺形が閉口し変形,3.0,1
夏帆いかほど？,2.0,1
アーカンソは、アカンそう。,3.0,1
支えこむ、サエコ,2.0,1
ヤクルトから矢くると？,2.0,1
トーマスとおいとまする,3.0,1
いちいちカワユイ、市川由衣,3.0,1
バイオ、ヤバイよ,3.0,2
御家人動けん,2.0,1
毒素、独走。,3.0,1
森で盛り上がる,3.5,2
ホイ食えん、保育園児。,4.0,1
励みになる禿見た？,2.0,1
抽選会でチューせんかい？,3.0,1
バンジージャンプするバージンじゃん,3.0,1
アンデスの餡です。,3.0,1
抽選会で、チュー1000回,4.0,1
キャンバスで、キャンキャン、バス待つ。,3.0,1
埼玉県の男は、いっさい玉出さない。,2.0,1
錆をサービス,2.0,1
機転がきく人が来てん。,2.0,1
汽船になんか着せん。,2.0,1
機動隊を気取りたい。,3.0,1
クロッカスの袋貸す,3.0,1
巡査は単純さ。,3.0,1
破壊した回数、8回。,2.0,1
相性がア、一緒。,3.0,1
アドリブで、エアードリブル,3.0,1
アクセントで悪戦苦闘。,3.0,1
福岡人の服おかしい,3.4,5
クレーンは送れん。,2.0,1
ロッテの製品、拾って！,3.0,1
「broken」を理解した三郎くん。,3.0,1
アルカイダの暗号は、RかEだ。,4.0,4
コネチカットでコマネチ、葛藤・・・,3.0,1
コネチカットで、コネ使っと〜,3.0,1
おマ○コ臭い、オマーン国際空港！,4.0,2
パナマでは、やっぱ、生！,3.0,1
国連では、告れん・・・,3.0,2
ネブラスカ人を眠らすか。,3.0,1
有りったけの蟻いたけ？,2.0,1
オバマのオバまだ？,3.0,1
タンカーあったんか？,2.0,1
サーカスが花咲かす,2.0,1
がんもどきで、癌もどきたい。,2.0,1
イラクに行けば胃楽,3.0,1
イエメン人は家メイン,3.0,1
さすまたで刺す、股。,3.0,1
テクノで食ってくの？,3.0,1
カルカッタの人軽かった。,2.5,2
シドニーの獅子どうにかして！,2.0,1
スナメリに砂めり込む,3.0,1
血合い好きな落合,4.0,2
朝リードするあさりど,3.0,1
輪廻見るの懲りんね。,3.0,1
下ネタ言った、SEAMO寝た？,4.0,1
これは、青年のせいね。,2.0,1
新党が浸透,2.0,1
メンツが麺突付く,3.0,1
レズの人荒れず,2.0,1
象さんが増産,2.0,1
カリウムで怒りうむ,3.0,1
親戚が作った新世紀,3.0,1
含んだ水でテーブル拭くんだ！,3.0,1
カット絆のカット版,3.0,1
スクールの椅子クール,3.0,1
新入生の部屋に侵入せい！,4.0,1
心中しようとしたら真珠発見。,2.0,1
チューブトップ着た、TUBEトップ！,3.5,2
整備した伊勢海老,3.0,1
大通りにオードリー・ヘプバーン,2.0,1
愛盗むアイヌ人。,3.0,1
虹鱒で字にじます,3.0,1
定期券は手危険,3.0,1
バトンで婆飛んだ！,3.0,1
IKKOが注文するのは丼だけ〜？(どんだけ〜),4.0,3
アッキーナはおっきーな,1.5,2
与謝蕪村の良さ、物損・・・,4.0,2
雨に祈りましょう、アーメン,3.6,3
TV見ながらお菓子食ってたら、おかしくって！,3.5,2
いい固さのいい方いた？,2.0,1
薬を飲んでクスリと笑う,3.0,2
この試合危険だから棄権します！,2.5,2
これ絵本？ えーほんとー！？,3.0,1
ズバットをズバッと切断,2.0,1
ホットケーキはほっとけー,3.0,2
人魚の人形,2.0,3
リンゴ・スターが林檎擂った〜！,3.0,1
春巻き好きの三浦春馬,3.0,1
スコールで酢凍る,3.0,1
効率がいい公立,2.0,1
神輿を飲みこした,2.0,1
任天堂のやつ2点どう？,3.0,1
蜃気楼見た芯切ろう,3.0,1
飯ごう使って、半殺し,2.0,1
バンダイの出番だい,4.0,2
東芝の商品で塔縛る,2.0,1
自家用機で実家陽気,4.0,1
外気を吸って、長生き！,3.0,1
対話したいわ！,3.0,1
マークパンサーが巻くパンさー,3.0,1
用具ルートを知る、ヨーグルト,2.0,1
蟻がさっき、有賀さつきを見る,3.0,1
ハングルで、班ぐるぐる,3.0,1
コンシーラーの紺、知らん？,3.0,1
吉本興業で、よ〜し、もっと香魚！,3.5,2
反した事した半紙,2.0,1
西洋のせいよ。,2.0,1
データーがでたらめ,2.0,1
モニターで芋煮た,3.0,1
神田山陽の兄さん用,3.0,1
元栓しめるのもっとせん。,2.0,1
じゃんけんしてもイイジャンけ〜。,2.0,1
メントールのお面とーる,3.0,1
ファンデーションのファンでしょ？,3.0,1
世界のナベアツの鍋、熱！,3.0,1
伊藤がイイ塔作る,2.0,1
ニュートンと入湯,2.0,1
ジャイ子とじゃ行こう,3.0,1
コーラスで、空気凍らす！,3.0,1
従兄弟公開の所に、行っとこうかい！,3.0,1
エロスはイエロー好き？,3.0,1
落とした人はお歳下,2.0,1
ライオンになるの辛いおん,2.0,1
ゲートを上げとこう,2.0,1
ロンブーの論文,2.0,1
運ちりばめたウンチ,2.0,1
ボーイ、コットン使ってボイコット！,3.0,2
オーロラを見るのは、おぉローラ！！！,3.0,1
拡大図を書く大豆,3.0,1
六角形がくしゃみしてヘッキサゴ〜ン！,2.0,1
木内梨生奈が、窮地に追い込まれる！,3.0,1
太陽になんちゅう(南中)こと言ってんねん,2.0,1
金閣の金隠す,3.0,1
フランチェンが円とフラン、チェンジした,3.0,1
おこたが怒ったー,2.0,1
弱音吐いたらもう酔わね〜・・・・・・。,3.0,1
宙返りで、チューが鋭利！,3.0,1
新幹線で、神官センズリ・・・,3.0,1
少林少女の、小臨床所・・・,4.0,1
オーランド・ブルームが、黄卵どぶルーム・・・,3.0,1
バンクーバーで、晩食うバー。,3.5,2
はたぼうは、多忙・・・,3.0,1
とんこつ食べながら、敦煌2！,3.6,3
白鳥は美しいんですわん(swan),2.0,1
君の意見が妥当だとー？,2.0,1
やけどに効く薬やけど,3.0,2
趣味の日は週3日。,3.0,1
メールを送信した、僧死んだ。,3.0,1
ぶどうが叫んだ「きょほーい！」,2.0,1
亀は万年生きまんねん,2.0,1
エキストラのエキスとらん？,3.0,1
フランケンには振らんけん！,3.0,1
ホーチミンのポーチ見ん？,3.0,1
ロメで人はめろ,3.0,1
マレーの生まれ,2.0,1
ルサカの人、うるさか〜。,3.0,1
奇数のキス,2.0,1
回路で迷うカイロ人,2.0,1
栃木の土地ギリギリで購入。,2.0,1
岩手県人の良いわ手が。,2.0,1
北海道、他移動,2.0,1
標語が好きな兵庫県人,2.0,1
見通しがいい、水戸市,3.0,1
山梨は良い山なし,2.0,1
籠しまい忘れた鹿児島県人,3.0,1
良い名が農家に多い長野県,2.0,1
ふっとサル見たら、フットサルし始めた。,3.0,1
オメエん家でメンチきる,3.0,1
ほっとく島の人は、徳島人,2.0,1
高齢者の恒例社会,3.0,1
デートしたのおめでとう,2.0,1
鳩を見張っとく。,2.0,1
SUMMER大好きの俺様,2.0,1
オホーツク海で、頬つくかい？,4.0,1
酸欠したおっさんケツむける。,2.0,1
中耳炎でチュー自演,4.0,1
サイコロでサイ殺す,3.0,1
馬耳東風で作るバジ豆腐,2.0,1
青年がピッタリ当てた生年月日,2.0,1
遠足に行って、えーん、ショック〜(そく),2.0,1
浴槽は、よく掃除しよう,3.0,1
B3サイズのビーサン,3.0,1
カイロに行くなら赤色,3.0,1
賄賂のときの声色,3.0,1
頬杖ついたら地方税,3.0,1
香川の中側,3.0,1
フランケンシュタインは、腐乱犬 主体！,3.0,1
名馬のアメーバ,3.0,1
ダーツ猛特訓で、脱毛・・・,2.0,1
今日のゲストは、ゲス党！,3.0,1
農家として死のうか？,2.0,1
チームバチスタが、火鉢スタント！,3.0,1
カレイドスコープで、枯れ井戸スクープ！,3.0,1
オーク材で、大奥、座位！,3.0,1
ザイールでは、座位いる？,3.0,1
農民の脳見ん？,2.0,1
どんたく観て、うどん炊く,3.0,1
白桃食べて、吐く父さん,2.0,1
ベースとベストを尽くす,2.0,1
ボーカルが棒刈る,2.0,1
湖南に行くコナン,2.0,1
オートバイに乗って、嘔吐ばい。,4.0,1
医療に加わる、イイ漁師,2.0,1
大尉の好きな体位,3.5,2
モヒカンになった桃引かん？,3.0,1
明治天皇が、目いじってんの〜,3.5,9
部下のズボンは、ぶかぶか,2.0,1
リモコン取りに、一人も来ん,3.0,2
お金を借りて、すマネー,3.0,1
鉄火面の手噛め,3.0,1
アナルの穴ルール破る。,1.0,1
バリトンで、バリ飛んだ！,3.0,1
伊右衛門飲んでる奴には、言えんもん。,3.0,1
バリカンになったリンカーン,2.0,1
カイコスで解雇する,3.0,1
モスクワで股救われる,3.0,1
ベラルーシのベラあるし,3.0,1
マダガスカル人は、まだガス刈る,2.0,1
ローマのアロマ,2.5,2
バックでばっくれた,2.0,1
町費で超捻くれる,2.0,1
焼き魚食べた拓哉、キザかな？,3.0,1
クリスマスツリーの上で食う、リス鱒釣り。,3.0,1
ギリギリ社会人になれた、ギリシャ人,2.0,1
ルールのある、ルノーアール。,3.0,1
弁解して大便かい？,3.0,1
バーラモンの婆だもん,3.0,1
ここはユーラシアと言うらしーや。,4.0,1
もこみちにも小道,3.0,1
もなか食うモナか！？,3.0,2
荒野に行こうや！,3.0,2
防空壕で棒食う、郷！,3.6,5
波止場にいるのは鳩ばかり,3.0,1
主のしりにある痔。,3.0,1
ゆりかもめに乗るのは無理かもね,2.0,1
松田聖子を待つ、だせぇ子！,3.8,8
ござでございます,2.0,2
やすり大安売り,2.5,2
三杯酢のサンバイザー,3.0,1
産婆 is 三杯酢！,4.0,1
宝あったから,3.0,1
ジャリズム、じゃリズムとって。,3.0,2
導線ある所に移動せん。,3.0,1
肝心のサーチを忘れた神農幸(じんのさち),3.0,1
ベニヤ板で、口紅焼いた・・・,3.5,2
マレー人黙れ,2.0,1
ブリーフが鰤ふった。,2.0,1
死んでる人が、芯出るの？,2.5,2
脛折るスネオ,3.0,1
美容せがむビヨンセ,2.0,1
昨日、高速乗って、脳梗塞。,3.0,1
バーゲンで婆元気,3.0,1
昨日の敵は機能的,3.6,3
カンナがない、これはあかんな,3.5,2
ajidasで味だす,1.0,1
アナウンサーの穴運さー,1.0,1
ハッピーターン食べて、法被ターン,3.0,1
ベットベトベト,2.0,1
HY聴いたら、エッチはいいんだ。,3.0,1
蛍光灯で、KEIKO討とう！,3.0,2
童謡に動揺,2.0,1
洞窟のどう靴？,2.0,1
五回誤解される,2.0,1
平山あや、平謝り！,4.0,1
バンコクで今晩告る,3.0,1
ケビン・コスナーを越すな。,2.0,1
冷やし中華はまだ冷やし中か。,3.3,3
「木もいいと思う？」「キモイー」,2.0,1
銅鑼見たドラミ,2.0,1
Soweluが花添える。,3.0,1
ツバ気にする椿,3.0,1
ある自信を感じた主,2.0,1
ワニを輪に入れる,2.0,1
翼の唾さ,2.0,1
悶絶して肛門絶滅,2.0,1
ユニバーサルの湯にババァ猿！,2.0,1
血盟したケツメイシ,2.0,1
ボレロで溺れろ,3.0,1
不正を起こしたフセイン,3.0,1
議事録で、疑似ロック！,4.0,1
ラガーマンがオナラ我慢,4.0,1
KYが酒祝い,3.0,1
木綿豆腐で「ジャスト・ア・モーメント！」,3.0,1
ビヨンセは、B4製。,3.0,1
ルノアールに見せるのあーる？,3.0,1
反射神経のいい、反写真系・・・,2.0,1
JISで地滑り,3.0,1
このドライヤーで、どないやーっ！？,2.0,1
織田裕二が北にキターーー！,3.7,8
砂糖は甘いんでしゅがー(suger),3.0,1
エドガーのえぇ動画・・・,3.0,1
コイケヤに、婿行けや！,3.0,1
シネマ見るまで、死ねましぇーん,3.0,1
電柱とおでんチュー,2.6,3
ケンシロウの剣知ろう,3.0,1
電子マネーで遺伝子まね。,2.0,1
ブイヨン食べる人、鈍いよん。,3.0,1
血糖値なら行け当地へ。,2.0,1
名取裕子が、7取り有効。,3.0,1
中南米でチューなんべんしてる？,2.5,2
オオカミがトイレに入って「おお、紙がない！」,2.0,1
ウツボの思うツボ,3.3,3
ブーケは省け。,2.0,1
いとうまい子の意図うまい事いく。,3.0,1
おみゃーの電車は大宮行きか？,2.0,1
エー警備員がAKB48 ,3.0,1
中華に熱中か,2.0,1
根こそぎ取る猫、葬儀！,3.0,1
安藤さん餡どう？,3.0,1
性感帯で生還たい！,4.0,1
江戸川乱歩のええ動画は乱暴,4.0,1
警報機で、圭、放棄,3.0,1
ボコダの人がボコボコだ,2.0,1
「サナア行った事ある？」「さーなぁ〜」,2.0,1
ドーハの人どう歯は？,2.0,1
宇宙にある防虫剤。,2.0,1
ビリヤード好きなリヤド人,2.0,1
ムババネの人口説いても、無駄だね。,2.0,1
タリンでは人足りん。,2.0,1
バマコでババア巻こう。,3.0,1
溝にドブーン,2.0,1
ほらー！！やっぱホラー映画だった！,2.0,1
小松さんが困った。,2.0,1
アンマンのあんまん食べたい。,2.0,1
ドラマー、ドラマ見よう！,2.0,1
原子はあげんし。,2.0,1
ビター音響いた？,1.0,1
武家のブーケを破け！,2.0,1
近視の人テレビ禁止！,2.0,1
適齢期で手綺麗に,3.0,1
悪銭でアクセント,3.0,1
おばんざいで、王バンザイ！,3.0,1
クランケ(患者)が学ランけ？,3.0,1
カリスマの仮住まい,3.0,2
幻想的な元素,2.0,1
草津で撲殺,3.0,1
いわば岩場,3.0,1
デパ地下でパチカ,3.0,1
ボカチカのタイムリーでほぼ勝ちか,3.5,6
モンゴルなんかもうこ(蒙古)りごり,2.0,1
中1には注意ちろ(しろ),2.0,1
東に日が沈まない,2.0,1
伊東四朗の命令「早く移動しろー！」,2.0,1
つるの剛士は魚を釣るの？,3.0,1
トレノって、とれーの？,3.5,2
落馬してから、楽ばかりしてる,3.0,1
デパ地下で、出っ歯、誓う。,4.0,2
蒼井そらん家、青いソーラー。,3.0,1
ジュレで樹齢1000年。,3.0,1
ブータンで、高木ブー撃ったん？,3.0,1
ヴォコーダーで、ボコボコだ〜！,3.0,1
マクラーレンが、真っ暗(な)レーンを走る,3.0,1
今からあの世の話をします。あのよぉ〜,2.0,1
チリのエビチリ,2.0,1
リンカンと割りか〜ん。,2.0,1
パキスタンの人とパパキスしたん？,3.0,1
今いい唾吐いた、今井翼,3.0,1
紙自由に操る上地雄輔,3.0,1
マニラでママ韮買う。,3.0,1
UAの噂,3.0,1
パプールの水着を穿いて、パパプールに入る。,3.0,1
コースターを擦ったー,2.0,1
茶がない！ あちゃ〜,2.0,1
お、野次がいるぞ。あれうちのおやじだ・・,2.0,1
チキンと餅巾着。,2.0,1
かわいい服が乾いた,2.0,1
温水洋一が抜く水,2.0,1
スピーカーをもったSPかー,3.0,1
黄ばんだ石板だ,3.0,1
スプレーのナイスプレー,3.0,1
意気揚々に生きようよー,4.0,2
爆笑しながらバックしよう,3.0,1
本庄まなみの本だじょー,2.0,1
いいJISで作られたイージス艦,2.0,1
與真司郎を何か与え信じろう。,3.0,1
連チャンして寝れんちゃん。,3.0,1
問屋の布団や,3.0,1
闘鶏はカット系,3.0,1
うどんくさい人、ドンくさい。,3.0,1
ゆうじてどう言う字,2.0,1
握手会で悪臭かい,3.0,1
翔太のショータイム,3.0,1
エレクトーンを越えれ9t,2.0,1
ナトリウムが名取産む,3.5,2
四海楼の司会どう？,2.0,1
らんまは天真爛漫,2.0,1
バリ島でがんばり父さん。,3.0,1
タレについて語れ！,3.0,1
雄叫びを上げた太田、仮病,3.0,1
ボンパティで盆パーティー,3.0,1
テレサテンが、日テレ去ってん！,3.6,5
パリの人意地っ張り。,2.0,1
ピーター、パン食べたら、ピーターパンになれた！,2.0,1
高脂血症の講師、決勝！,4.0,1
色白の人が色じろじろ見る,2.0,1
メントスのお面トス,2.0,1
ユーラシアを揺らしあう,2.0,1
バンカーで野蛮か,2.0,1
メイクの名句,2.0,1
メイクで目逝く,3.0,1
2ちゃんねる見て、兄ちゃん寝る。,3.0,2
ウィーンのウインナーは憂いな〜,3.0,1
馬場のババア,2.0,1
ボイトレしたボーイ撮れ！,4.0,1
謝意人はシャイニング〜！,3.0,1
サイのフンを粉砕,2.0,1
死体遺棄して、したい息！,3.0,1
公文式での苦悶私記！,3.0,1
ブリーダー空振りだー,3.0,1
「簿記したの？」「勃起した！」,3.5,2
鵜の耳裂こうとしてる宇野実彩子,3.0,2
部員が全員ブーイング〜！,3.0,1
やぁベ工事だったと気づいたあべこうじ,3.5,2
モエヤンの太股ええやん〜。,3.0,1
チョコのお猪口,2.0,1
粉末した糞待つ,3.0,1
岡江さんお帰り,2.0,1
ユーモア言うモアイ,3.0,1
織田裕二がオーダー言う時間。,3.0,1
フレンドには、触れんど ！！,2.0,1
ドライブインのドライ部員,4.0,1
フロッピーで風呂2P,3.0,1
Eカップになるいいカップル,3.0,1
貢献撤回するコウケンテツ,3.0,1
うつぼやいたから、ウツボ焼いた。,3.0,1
ネェちゃん寝ちゃイヤ〜ン,3.0,1
監督のおかん得,3.0,1
火曜に何か用？,2.0,1
天ぷらの開店プラン,3.3,3
まぐろのツナ(綱)渡り,3.0,1
小石が恋しい,2.0,1
駿河で好きにするがいい,3.0,1
ドラえもんの服はドライもん,3.0,1
つまようじの妻、用事でいません。,3.0,1
中田が医師と仲違いした,4.0,1
ギター弾きすぎたー,2.0,1
宇壺矢九郎が、うつぼ焼く。,3.0,1
日商簿記で、一生勃起！,4.0,2
AAA見て、鳥震えー,2.0,1
チョモランマで腸も爛漫,3.0,1
地中海の女と父チューかい？,3.0,1
サンドウィッチに賛同一致,3.0,2
アダージョが薦めるココアだじょ！,3.0,1
エビちゃんと海老ちゃんと剥く。,3.0,1
熊手使うとくま出るぜ〜！,2.0,1
彫刻使うの、超、酷,3.0,1
ガーナのほうがいいがな！,2.0,1
AAA見た鳥震えー,2.0,1
閃き思考のメキシコ人,2.0,1
手間をとるテーマ,2.0,1
ハテナは切手貼ってな,2.0,1
コーナー観に行こうな！,3.0,1
歌手売りにしてる修理,2.0,1
氏名で指名,2.0,1
歯型を母が称えた！,3.0,1
有線が優先,2.0,1
折れ線は俺せん！,3.0,1
トンカチとオトン勝ち！,3.0,1
妖怪が太陽描いた,3.0,1
買いだめするの一回駄目になった,3.0,1
コイル持つ子いる？,3.0,1
鑑識で缶仕切る,3.0,1
デモンストレーション教えるレモンストレートしょ！,2.0,1
丸八で黙る蜂,4.0,1
移転して泣いてん。,2.0,1
おつかいで王使いまわす。,3.0,1
もんじゃを揉んじゃった,4.0,1
玄海で限界,3.0,1
厳戒態勢のまま限界体制,3.0,1
毛一回抜いただけで警戒された,2.0,1
対抗意識があるタイコ意識する,3.0,1
童貞の人は指導丁寧,2.0,1
疎かになるから、荷物降ろそうか。,3.0,1
無冠の人には向かん,2.0,1
蝶魅了する調味料,2.0,1
ロッテに居ろって！,2.0,1
活躍してカツ焼く。,2.0,1
熱燗の圧か。,2.0,1
寝坊したカネボウ,3.0,1
鎌倉の枕でオカマくらった。,3.0,1
湯に浸かるユニー,2.0,1
必死の偽装でしのぎそう,3.0,1
開拓使が描いた串。,4.0,1
拝観料の支払い、ハイ、完了！,4.0,2
竜巻を見て立つ真希。,3.0,1
セロを載せろ！,2.5,2
シンバルをたたく新バルタン星人,2.0,1
チューバッカの楽器は、チューバか……？,3.0,1
オルゴールが、折るゴール。,3.0,1
ティンパニー奏者、天パーに。,2.0,1
ヌードになった犬どう？,2.0,2
金しょてるカネーション,3.0,1
レッテルを貼らレッテル,3.5,2
案内するアンナ,3.0,1
骨は阿保ね。,2.0,1
革いいのは、カワイイ！！,3.0,1
ばい菌ぐったりバイキング〜,3.0,1
コースにいる人を起こす,2.0,1
テキスト持ってる敵ストップ！,3.0,1
「美術館行こう？」「あーと(art)で！」,3.0,1
ブルーナ、ブルーない？,2.0,1
火事気にするカジキ,3.0,1
メジャー行くのオメエじゃねぇー！！,3.0,1
チョナンカンになるの超、難関！！,3.0,1
「グッドラック」と言われて、グッと楽になった。,3.5,2
シロタカブを知った城田株あがる！,3.0,1
マンテンバイクの試験は満点ばい！,3.0,1
笛吹さん髪薄いの？,2.0,1
筋トレして菌取れ！,2.0,1
信者が新ジャガ使った。,3.0,1
コーラグミが好きな倖田來未,3.0,2
代金支払ったら、大、禁止！,3.0,1
シースルーで市スルー,3.0,1
師弟としてぇ〜！,3.0,1
エタノールが吼えたの売る,3.0,1
よもや死ぬ気でもやし抜き,3.0,1
もう新聞ないから申し分ない！,3.0,1
蟹味噌を確かに見そう？,3.0,1
野心家は卑しいんか？,3.0,1
メーカー商品作ったのは、オメェーか？,3.0,1
ヨルダンの食事偏るんだ！,3.0,1
ファンタ飲むファン叩く。,3.0,1
長期滞在の蝶、期待大。,3.0,1
ツンデレなんか摘んでれ！,3.0,1
ハンデがある班です。,3.0,1
セロとオセロ,3.0,1
神棚にあるには、髪だな。,3.0,1
GLAYがぐれたー。,2.0,2
「味見してみて」「ア、地味」,3.0,1
定着がある手チャック,3.0,1
水槽で吹奏,2.0,1
健康ばかり気を使うケンコバ,3.0,1
温厚なウンコう〜。,2.0,1
バトルした奴、威張っとる！,3.0,1
銃に暗示をかけるジュニア,3.0,1
お稲荷多いなり〜。,3.0,1
どう訂正する童貞。,3.0,1
中部で待つTUBE,3.0,1
チェーン事故ったから、CHANGE,3.0,1
からくりやったら、体から栗出た。,3.0,1
歳気にするとしき,3.0,1
バッターをかばったー！,2.0,1
缶魅了する甘味料,3.0,1
恋からでる人、キャラ濃いから,4.0,1
長期滞在で出会い、超、期待だい！,3.0,1
アゴーネの顎ね。,2.0,1
登用してもいいとよう,2.0,1
ウッドデッキを知ってるウド素敵！,2.0,1
ジョン・バカンの彼女ば〜か〜ん,2.0,1
ミニー見に来てね！,2.0,1
顧問ここ揉んで！,3.0,1
大倉ネタお蔵入り！,3.0,1
サンドウィッチマンのサンド一万するの？,3.0,1
2段寝具にしてダンシング〜！,3.0,1
メレンゲ見てもめげんで〜！,2.0,1
縦走する重曹,2.0,1
脱臭したらダッシュだー！,2.0,1
ムシューダ使うムッシュだ,3.0,1
鎮魂祭で見せるチンコ臭い！,3.0,1
算数でオッサン吸う,3.0,1
宝のありか探す宝野アリカ,3.0,1
パン代払うパンダ、いい！,3.0,1
テレサテンを照れさせん？,3.0,1
冷房当たる霊ぼっとしてる,3.0,1
館内は儲かんない,3.0,1
父クビになってチクビ触る,3.0,1
パーマかけるパーマン,2.0,1
空中で食う中華,3.3,3
とりあえず鳥遇えず,3.0,1
レジャー計画立てたの俺ジャーネェー！,2.0,1
マネージャのマネーじゃ〜！,2.0,1
不老不死なFLOW伏し,3.0,1
インフルエンザで、委員震えんざ〜。,3.0,1
嬉野行けて嬉しいの〜。,2.0,1
デコポンでおでこポ〜ン,3.6,5
ショパンの食パン,2.0,1
空港で弁当食う子,3.0,1
チョナン・カンは長男か？,3.0,1
コンデンスで合コンです。,3.0,1
磁石にジジイしゃくれた,3.0,1
ダンカン椅子切断か？,2.6,3
ブローネをおぶろうね！,3.0,1
オードリーと踊りぃ〜！,2.0,1
バルーンが威張る〜ん,2.0,1
たまえの玉エエ〜。,1.0,1
ジロウを野次ろう,3.0,1
ハバネロ食ったババ寝ろ！,4.0,1
有明のりを蟻あけた,3.0,1
都会にいた夫かい？,3.0,1
トヨタの車乗って、夫酔った！,4.0,3
ボクシングして僕Sing〜！,3.0,1
蘇生したソーセージ,2.5,2
スコットランドでマスコット乱闘,3.3,3
リンカーン見てわりぃんか？,3.0,1
母チャック閉めては、発着,3.0,1
漫画家は自慢ができる！,3.0,1
ゴリラの話なんてもうこりごりら〜,3.0,1
松たか子が待った過去,3.8,5
手相占いあってそう〜。,3.0,1
穀物類をコック持つ,3.0,1
活発な河童突く,3.0,1
五目蕎麦を郷もくもく食べる,3.0,1
夜間は何も焼かん,2.0,1
破棄したら吐き気がしてきた,2.0,1
プルーン食べて肌プルプル〜ン,3.0,1
火薬で蚊焼く,2.0,1
暗記する餡気にする,3.0,1
不死身な婦人見た？,3.0,1
ブリトニーの鰤盗り〜。,3.0,1
アライグマを見る荒い熊,3.0,1
インダスでコイン出す,3.0,1
音に専門のトニセン,3.0,1
紙専門のカミセン,3.0,1
ダマになった目玉,2.0,1
真鍋かをりに香りを学べ,3.0,1
サンダルけつに挟んだる,3.0,1
それ僕のボックス！！！,2.0,1
田舎に人居なか〜,2.0,1
ギアに挟まれて「ギアァァァァァ！！！」,2.0,1
キョンシーを見てた教師,2.0,1
ハガキの歯が黄色,3.0,1
仲人と泣こう。どう？,3.0,1
アンガールズの案がルーズ,3.0,1
ブラ持ってブラブラ〜,2.0,1
三ツ葉が好きな蜜蜂,3.0,1
母ブラしないで歯ブラシ探す〜,3.0,1
膀胱炎が某講演,3.0,1
オッサンの数字は・・・おっ！3だ！,3.0,1
マグロ？・・・まぁまぁグロい,3.0,1
神殿は死んでんのか！！！,2.0,1
この丼だけかよ・・・ドンダケェ〜,3.0,1
使えねぇ、つっかえ棒,3.0,1
医者に慰謝料,1.5,2
パパラッチはパパらちい〜,3.0,1
杉田玄白が、落とし過ぎた弦、パクられた。,3.0,1
高田が裁判で闘った〜！,3.0,1
ラフルがコーラ振る,3.0,1
下呂でゲロ吐いた〜,3.5,2
加勢大周の貸せ体臭,2.0,2
納豆がうなっとう〜,2.7,4
ロクシタンを記録したん？,3.6,3
正露丸使うオットセイ老眼,3.5,2
ヒラリー夫人は、平リーマン。,3.0,1
老眼のスローガン,3.0,1
毛根がもうこんなに・・・・・・・。,3.8,8
マドンナな窓売んな！,3.0,1
夫がやってる、恥ずバンド(husband),3.0,1
パンナコッタのパン、なかった。,3.0,1
ジュードロウの銃ドロウ〜。,3.0,1
ダブルデッカーは、レコーダブルでっか〜？,3.0,1
ボブサップら、伊豆でサプライズ！,3.0,1
トンガのマトンが・・・,3.0,1
矢場とんたちに、バトンタッチ！,3.0,2
バリ島で、ババァ離党！,4.0,1
赤子愛する加護亜依,3.0,1
一回銃引く怪獣,2.0,1
司令塔の押入れ等,3.0,1
便ゴシゴシする弁護士,3.0,1
マケイン氏のおまけいいん〜。,3.0,1
りょうさん量産,3.0,1
ブタさん何か部活やってた？バレーぶー！！,2.0,1
ニュージーランドでは乳児ランドセルを背負う！,3.0,1
Buono！の煩悩〜！,3.0,1
副会長は、拭くか？銀杏を。,3.0,1
久津川で、靴買わない？,3.0,1
長島で、流しましょうか？,3.0,1
宇治川に、ウジが湧く。,3.0,1
拭くだけコットン使った福田結婚！,2.0,1
鰤に無茶ぶり〜〜〜,2.0,1
獣医の銃いい〜！,3.0,1
理不尽なリムジン,3.0,3
浴衣あってゆかった〜。,2.0,1
メジャー選手、料理うめぇじゃん〜。,2.0,1
アトム行った後無言,3.0,1
有限実行したYOU現事故,2.0,1
コロッケ食べてるコロ助,2.0,1
ハデスの歯です。,3.0,1
ヘルメスの手術で減るメス。,3.0,1
アルテミスもあるってミスしたこと。,3.0,1
ウラノスの家の裏の酢。,3.0,1
アレスはあれっす。,2.0,1
ヘラクレスが、「ヘラくれっす！」,3.0,1
麒麟の逆鱗に触れる,3.0,1
測量士隊を即利用したい,4.0,1
芝刈り機の調子ばかり気になる,3.6,3
最低野郎の裁定やろ！,4.0,1
フセインと聖闘士,4.0,2
コロ助を殺すけ？,3.0,2
チャドに行っちゃうど！,3.0,1
ウッチャンを撃っちゃいやん〜！,3.0,1
ナンチャンじゃなくてコナンちゃう？,3.0,1
乳酸化がNEW参加,2.5,2
ゲーテ逃げて！,1.5,2
裏山があって羨ましい,3.0,1
ショートメールの使用止める,2.5,2
肋骨が6個つぶれた,3.0,1
日本が沈む！じゃぱん！,2.0,1
チョークを一丁食う,2.0,1
運河いけば運が強くなる！,2.0,1
木梨憲武のやる気なし,3.0,1
アサシンが朝死んだ,2.5,2
きし麺食べて気を引き締めた！,3.0,1
参加したおっさんか？,3.0,1
コンパスが合コンパス,3.0,1
花札して花踏んだ,2.0,1
目逝ってるメーテル,3.0,1
「格闘中」と書く途中だよ。,4.0,1
交差ぎこちない、こうさぎ,3.0,1
照英のショーえぇ〜！,3.0,1
H軟膏でエッチ難航！,3.0,1
怪しんだから彩死んだの？,3.0,1
長老になるのチョロイもん。,2.0,1
おすぎが押す儀式,2.0,1
素人を知ろうと！,2.0,1
島倉千代子の枕兆候,3.0,1
立憲した森健,3.0,1
須磨の襖,3.0,1
フクシアが福祉案,2.0,2
抹茶しまっちゃうの？,3.0,1
資生堂使う人の姿勢どう？,4.0,3
コンドルをしこんどる,3.0,1
メーテルにときめいてる！,3.0,1
進化して安心か？,3.0,1
高田馬場で降りた高田と馬場,3.0,1
ピーマン食べてハッピーマン！,2.0,1
仏陀がぶった！！,2.0,1
液晶テレビは絵キショいテレビ,3.0,1
グロテスクなマグロってすぐ死ぬの？,3.0,1
休んだ計算する保田圭,3.0,1
カールでもうかーる,2.0,1
ヘンゼルとグレイのテル,3.0,1
今日見た紳士に興味津々,3.0,1
ますます磨きがかかった宮崎ますみ,3.0,1
タイ風の台風,3.0,1
祈祷師の家の木と牛。,3.0,1
生茶飲んだら、なまっちゃった！,3.0,2
正社員、正射いいん？,3.0,1
ねぶたで大塚寧々ぶった！,3.0,1
小野まじめの斧真面目,3.0,1
歯槽があるシーソー,2.0,1
夜勤になるのやや緊張,3.0,1
アガリ症のガリ少々,3.0,1
タンゴで単語覚える,2.0,1
ハイエナの肺ええな〜！,3.0,1
そろばん持って、家族全員揃う晩。,3.0,1
ローソンで金おろそう〜。,2.0,1
芸能人になれたの？それはスゲ〜のう〜！,3.0,1
このカラー使って、いいから〜！,2.0,1
イカ墨を活かすみたい,4.0,1
寡黙な加茂くん,3.0,1
誘導するYOUどう？,3.0,1
ストラップになった酢とラップ,3.0,1
試飲したのが死因です,3.0,1
披露宴の帰りはタクシーがひろーえん,3.6,3
浅草は朝臭い,3.0,1
大使館の鯛疾患,3.0,1
九条の苦情受け付ける,2.0,1
タングステンのマスタング、捨てん？,3.0,1
岩下志麻に魚屋が言った。｢イワシ足しますよ｣,4.0,1
黒川智花をお供か？,3.0,1
原田泰造の腹叩いたぞう〜！,3.0,1
ハンガリーのハンガーリスト,3.0,1
中田久美のなかったグミ,3.0,1
牛をカウ,3.0,2
元栓を締める元先生。,3.0,1
パインがいっぱいん(いっぱい),3.5,2
ケンタッキーは、洗濯機ーにいれよう！,3.6,3
自動販売機で缶がタダだって！感無量です,3.6,3
安藤、夏にあんドーナツ。,3.0,1
報知新聞を放置したぁ,3.0,1
加藤ローサについて、語ろうさ〜！,3.0,1
セカンドライフでセカンドワイフ,3.8,18
南で骨折する南こうせつ,3.0,1
助っ人とバスケット,3.0,1
三谷幸喜さんみたいに好奇心旺盛になりたい！,3.0,1
傷んだ廊下にいたんだろうか？,4.3,96
マカオでママ顔真っ赤,3.0,1
オレンジ置いてたら通れんジジィー！,3.0,1
痴漢の位置感じた,3.0,1
ジュウシーな物重視よ！,3.0,1
アサリのおつゆはあっさりー♪,3.0,5
玉木宏が、タマキン披露した。,3.0,2
抗ガン剤で、睾丸座位！,3.0,1
仲良しの田中好子。,3.0,1
少佐は国生さゆりのファン,2.0,1
伊藤つかさの糸討つ傘。,3.0,1
杉田かおるの飲み過ぎた顔。,4.0,1
冨田翔が糸見たしょ〜！,3.0,1
カンパラでは、オカン、パラダイス！,3.0,1
モヒカンで肛門悲観,2.0,1
児玉清が木霊寄与した。,3.0,1
スナイパーに砂いっぱい掛けよう！,2.0,1
シジミを食べてしみじみ,2.0,2
ワシントンの岩浸透,2.0,1
ヤレンの人とはやれん！,2.0,1
ハバナで母バナナ買う,3.0,1
レバノンで入れ歯飲んだ！,3.0,1
ダーバンのターバン巻く,3.0,1
ビエンチャンでなったの、鼻炎ちゃう？,2.0,2
ハノイで母の善いところを見た！,3.0,1
コナクリの粉クリーン！,2.0,1
バイクに乗ってバー行く？,3.0,1
うん。この匂いはウンコの匂い。,1.0,1
海援隊が帰れんたい！,3.0,1
カメルーンの亀ルンルン！,2.5,2
サントメのオッサン泊めて！,3.0,1
サンホセのオッサン干せ！,4.0,1
キトの人生きとる？,3.0,1
チェンナイはチェーンない,3.0,1
ジョージタウンに行った所ジョージダウン！,3.0,1
カラカスのマラカス,2.0,1
ジョージアタウンで所ジョージダウン,3.0,1
リヨンの人を利用する,2.0,1
チュニスの人は中2好き？,2.0,1
タシケントではダシ検討中,3.0,1
ロッキーがパンチもらってグロッキー。,3.0,1
リガの人色々ありがとう！,3.0,1
韮を睨む,2.0,1
太郎を祟ろう！,2.0,1
ウルトラマンが売る虎マンコ見る,4.0,2
ラパスの人コアラパス！,3.0,1
落花生の殻貸せ！,2.0,1
COWCOWは何買う買う？,1.0,1
ただ検事をしているだけの多田健二,4.0,1
バンドエイドしたバンドええどう〜！,3.0,1
ブルガリアの人はブルーが嫌！,3.0,1
虚ろの人と写ろう！,3.0,1
苛性ソーダを貸せそうだ！,3.0,1
モデルガン持ったモデル癌,4.0,1
腰痛の三葉虫,3.0,1
踏み台にした壇ふみだい！,3.0,1
アンカラで餡から作る！,3.0,1
平壌の豹やん！,3.0,1
マラボのママ乱暴！,3.0,1
バンジュールの交番シュール,3.0,1
ラバトでコーラバトル！,3.0,1
ワルシャワの人が触るシャワー,3.0,1
サンサルバドルでオッサン、猿バトル！,3.0,1
腰痛もちの三葉虫,3.0,1
デリーの人はデリケート,2.0,1
キングストンのストッキング！,3.0,1
ペルミの人チャペル観ん？,2.0,1
ダカールの人に抱かれる〜！,2.0,1
ダカスの人を抱かす！,2.0,1
チョンチンの堤燈,2.0,1
プネのパイプね！,1.5,2
マドリードの窓リード！,3.0,1
ブレーメンの冷麺,2.0,1
ラホールで油掘る〜！,3.0,1
リスボンの栗鼠ボンボン！,3.0,1
ハンチョウのご飯頂戴！,3.0,1
カーンプルでオカンプール入る,3.0,1
ナポリの人が粉ポリポリ〜♪,2.0,1
パレルモの人に嘘ばれるもん〜！,3.0,1
オスロの人とオソロ！,3.0,1
プラハの人ブラは？,2.0,1
ザブングルの書いた作文グルグル！,2.0,2
野球するのには、やや窮屈,3.0,1
加藤歩はカット歩む,2.0,1
几帳面な駅長めぇ〜！,3.0,1
セントジョンズの人は銭湯上手に入る！,3.0,1
ブジュンブラの不純ブラ,3.0,1
スコピエのスコップエエ〜！,2.0,1
ティンプーのシャンプー,2.0,1
ネパールで大塚寧々パール買う,3.0,1
空洞になった服どう？,3.0,1
ケンタロウスを見たケンタロウ,3.0,1
